address,total_lost_vs_full_weight_gnk,total_lost_due_to_confirmation_weight_gnk,epochs_with_zero_paid_positive_expected,epochs_with_large_confirmation_loss,epoch_245_weight,epoch_245_stuck_035_weight_delta,epoch_245_weight_with_035_bug_fix,epoch_245_confirmation_weight,epoch_245_effective_weight,epoch_245_poc_slot_weight,epoch_245_excluded,epoch_245_actual_reward_gnk,epoch_245_expected_full_weight_reward_gnk,epoch_245_expected_035_bug_fix_weight_reward_gnk,epoch_245_expected_confirmation_weight_reward_gnk,epoch_245_expected_confirmation_plus_poc_slot_reward_gnk,epoch_245_expected_effective_reward_gnk,epoch_245_zero_reward_reason,epoch_245_chain_expected_delta_gnk,epoch_245_lost_vs_full_weight_gnk,epoch_245_lost_due_to_confirmation_weight_gnk,epoch_245_confirmation_loss_ratio,epoch_245_zero_paid_with_positive_expected,epoch_245_large_confirmation_loss,epoch_246_weight,epoch_246_stuck_035_weight_delta,epoch_246_weight_with_035_bug_fix,epoch_246_confirmation_weight,epoch_246_effective_weight,epoch_246_poc_slot_weight,epoch_246_excluded,epoch_246_actual_reward_gnk,epoch_246_expected_full_weight_reward_gnk,epoch_246_expected_035_bug_fix_weight_reward_gnk,epoch_246_expected_confirmation_weight_reward_gnk,epoch_246_expected_confirmation_plus_poc_slot_reward_gnk,epoch_246_expected_effective_reward_gnk,epoch_246_zero_reward_reason,epoch_246_chain_expected_delta_gnk,epoch_246_lost_vs_full_weight_gnk,epoch_246_lost_due_to_confirmation_weight_gnk,epoch_246_confirmation_loss_ratio,epoch_246_zero_paid_with_positive_expected,epoch_246_large_confirmation_loss,epoch_247_weight,epoch_247_stuck_035_weight_delta,epoch_247_weight_with_035_bug_fix,epoch_247_confirmation_weight,epoch_247_effective_weight,epoch_247_poc_slot_weight,epoch_247_excluded,epoch_247_actual_reward_gnk,epoch_247_expected_full_weight_reward_gnk,epoch_247_expected_035_bug_fix_weight_reward_gnk,epoch_247_expected_confirmation_weight_reward_gnk,epoch_247_expected_confirmation_plus_poc_slot_reward_gnk,epoch_247_expected_effective_reward_gnk,epoch_247_zero_reward_reason,epoch_247_chain_expected_delta_gnk,epoch_247_lost_vs_full_weight_gnk,epoch_247_lost_due_to_confirmation_weight_gnk,epoch_247_confirmation_loss_ratio,epoch_247_zero_paid_with_positive_expected,epoch_247_large_confirmation_loss,epoch_248_weight,epoch_248_stuck_035_weight_delta,epoch_248_weight_with_035_bug_fix,epoch_248_confirmation_weight,epoch_248_effective_weight,epoch_248_poc_slot_weight,epoch_248_excluded,epoch_248_actual_reward_gnk,epoch_248_expected_full_weight_reward_gnk,epoch_248_expected_035_bug_fix_weight_reward_gnk,epoch_248_expected_confirmation_weight_reward_gnk,epoch_248_expected_confirmation_plus_poc_slot_reward_gnk,epoch_248_expected_effective_reward_gnk,epoch_248_zero_reward_reason,epoch_248_chain_expected_delta_gnk,epoch_248_lost_vs_full_weight_gnk,epoch_248_lost_due_to_confirmation_weight_gnk,epoch_248_confirmation_loss_ratio,epoch_248_zero_paid_with_positive_expected,epoch_248_large_confirmation_loss,epoch_249_weight,epoch_249_stuck_035_weight_delta,epoch_249_weight_with_035_bug_fix,epoch_249_confirmation_weight,epoch_249_effective_weight,epoch_249_poc_slot_weight,epoch_249_excluded,epoch_249_actual_reward_gnk,epoch_249_expected_full_weight_reward_gnk,epoch_249_expected_035_bug_fix_weight_reward_gnk,epoch_249_expected_confirmation_weight_reward_gnk,epoch_249_expected_confirmation_plus_poc_slot_reward_gnk,epoch_249_expected_effective_reward_gnk,epoch_249_zero_reward_reason,epoch_249_chain_expected_delta_gnk,epoch_249_lost_vs_full_weight_gnk,epoch_249_lost_due_to_confirmation_weight_gnk,epoch_249_confirmation_loss_ratio,epoch_249_zero_paid_with_positive_expected,epoch_249_large_confirmation_loss,epoch_250_weight,epoch_250_stuck_035_weight_delta,epoch_250_weight_with_035_bug_fix,epoch_250_confirmation_weight,epoch_250_effective_weight,epoch_250_poc_slot_weight,epoch_250_excluded,epoch_250_actual_reward_gnk,epoch_250_expected_full_weight_reward_gnk,epoch_250_expected_035_bug_fix_weight_reward_gnk,epoch_250_expected_confirmation_weight_reward_gnk,epoch_250_expected_confirmation_plus_poc_slot_reward_gnk,epoch_250_expected_effective_reward_gnk,epoch_250_zero_reward_reason,epoch_250_chain_expected_delta_gnk,epoch_250_lost_vs_full_weight_gnk,epoch_250_lost_due_to_confirmation_weight_gnk,epoch_250_confirmation_loss_ratio,epoch_250_zero_paid_with_positive_expected,epoch_250_large_confirmation_loss,epoch_251_weight,epoch_251_stuck_035_weight_delta,epoch_251_weight_with_035_bug_fix,epoch_251_confirmation_weight,epoch_251_effective_weight,epoch_251_poc_slot_weight,epoch_251_excluded,epoch_251_actual_reward_gnk,epoch_251_expected_full_weight_reward_gnk,epoch_251_expected_035_bug_fix_weight_reward_gnk,epoch_251_expected_confirmation_weight_reward_gnk,epoch_251_expected_confirmation_plus_poc_slot_reward_gnk,epoch_251_expected_effective_reward_gnk,epoch_251_zero_reward_reason,epoch_251_chain_expected_delta_gnk,epoch_251_lost_vs_full_weight_gnk,epoch_251_lost_due_to_confirmation_weight_gnk,epoch_251_confirmation_loss_ratio,epoch_251_zero_paid_with_positive_expected,epoch_251_large_confirmation_loss,epoch_252_weight,epoch_252_stuck_035_weight_delta,epoch_252_weight_with_035_bug_fix,epoch_252_confirmation_weight,epoch_252_effective_weight,epoch_252_poc_slot_weight,epoch_252_excluded,epoch_252_actual_reward_gnk,epoch_252_expected_full_weight_reward_gnk,epoch_252_expected_035_bug_fix_weight_reward_gnk,epoch_252_expected_confirmation_weight_reward_gnk,epoch_252_expected_confirmation_plus_poc_slot_reward_gnk,epoch_252_expected_effective_reward_gnk,epoch_252_zero_reward_reason,epoch_252_chain_expected_delta_gnk,epoch_252_lost_vs_full_weight_gnk,epoch_252_lost_due_to_confirmation_weight_gnk,epoch_252_confirmation_loss_ratio,epoch_252_zero_paid_with_positive_expected,epoch_252_large_confirmation_loss,epoch_253_weight,epoch_253_stuck_035_weight_delta,epoch_253_weight_with_035_bug_fix,epoch_253_confirmation_weight,epoch_253_effective_weight,epoch_253_poc_slot_weight,epoch_253_excluded,epoch_253_actual_reward_gnk,epoch_253_expected_full_weight_reward_gnk,epoch_253_expected_035_bug_fix_weight_reward_gnk,epoch_253_expected_confirmation_weight_reward_gnk,epoch_253_expected_confirmation_plus_poc_slot_reward_gnk,epoch_253_expected_effective_reward_gnk,epoch_253_zero_reward_reason,epoch_253_chain_expected_delta_gnk,epoch_253_lost_vs_full_weight_gnk,epoch_253_lost_due_to_confirmation_weight_gnk,epoch_253_confirmation_loss_ratio,epoch_253_zero_paid_with_positive_expected,epoch_253_large_confirmation_loss,epoch_254_weight,epoch_254_stuck_035_weight_delta,epoch_254_weight_with_035_bug_fix,epoch_254_confirmation_weight,epoch_254_effective_weight,epoch_254_poc_slot_weight,epoch_254_excluded,epoch_254_actual_reward_gnk,epoch_254_expected_full_weight_reward_gnk,epoch_254_expected_035_bug_fix_weight_reward_gnk,epoch_254_expected_confirmation_weight_reward_gnk,epoch_254_expected_confirmation_plus_poc_slot_reward_gnk,epoch_254_expected_effective_reward_gnk,epoch_254_zero_reward_reason,epoch_254_chain_expected_delta_gnk,epoch_254_lost_vs_full_weight_gnk,epoch_254_lost_due_to_confirmation_weight_gnk,epoch_254_confirmation_loss_ratio,epoch_254_zero_paid_with_positive_expected,epoch_254_large_confirmation_loss,epoch_255_weight,epoch_255_stuck_035_weight_delta,epoch_255_weight_with_035_bug_fix,epoch_255_confirmation_weight,epoch_255_effective_weight,epoch_255_poc_slot_weight,epoch_255_excluded,epoch_255_actual_reward_gnk,epoch_255_expected_full_weight_reward_gnk,epoch_255_expected_035_bug_fix_weight_reward_gnk,epoch_255_expected_confirmation_weight_reward_gnk,epoch_255_expected_confirmation_plus_poc_slot_reward_gnk,epoch_255_expected_effective_reward_gnk,epoch_255_zero_reward_reason,epoch_255_chain_expected_delta_gnk,epoch_255_lost_vs_full_weight_gnk,epoch_255_lost_due_to_confirmation_weight_gnk,epoch_255_confirmation_loss_ratio,epoch_255_zero_paid_with_positive_expected,epoch_255_large_confirmation_loss
gonka12av9up884t9lcsf70rs0l7jfmkmc8k9sxfuknt,100320.532316545,100320.532316545,3,3,122463,0,122463,119381,120214,833,False,37480.765154845,38181.966685726,38181.966685726,37221.049336605,37480.765154845,37480.765154845,,0,701.201530881,701.201530881,0.018364730571700440045181121621084943485097285030796,False,False,124595,0,124595,116668,117501,833,False,37140.793723725,39383.130305338,39383.130305338,36877.491443984,37140.793723725,37140.793723725,,0,2242.336581613,2242.336581613,0.056936474176332121087051811563016295580664369236044,False,False,122575,0,122575,114061,114061,0,False,37180.808983932,39956.143302316,39956.143302316,37180.808983932,37180.808983932,37180.808983932,,0,2775.334318384,2775.334318384,0.069459514582908500186152448641580253040740799774778,False,False,135385,0,135385,116900,0,0,True,0,45309.784542916,45309.784542916,39123.343155201,39123.343155201,0,excluded:consecutive_failures,0,45309.784542916,45309.784542916,1,True,True,126217,0,126217,123902,0,0,True,0,48963.629427207,48963.629427207,48065.566550384,48065.566550384,0,excluded:consecutive_failures,0,48963.629427207,48963.629427207,1,True,True,906,0,906,902,0,0,True,0,328.245915544,328.245915544,326.796706204,326.796706204,0,excluded:consecutive_failures,0,328.245915544,328.245915544,1,True,True,,,,,,,,,,,,,,,,,,,,,,,,,,,,,,,,,,,,,,,,,,,,,,,,,,,,,,,,,,,,,,,,,,,,,,,,,,,,,,,,,,,,,,,,,,,,,,,,,,,,
gonka1q5xt54wncgzk7dxv9x64uln68455g83wu9tugg,94045.034089005,94045.034089005,1,1,69552,0,69552,56235,56235,0,False,17533.156108962,21685.179580164,21685.179580164,17533.156108962,17533.156108962,17533.156108962,,0,4152.023471202,4152.023471202,0.19146825396825232130953866047279630873513206134894,False,False,58490,0,58490,47614,50570,2956,False,15984.629395569,18488.055632723,18488.055632723,15050.269805035,15984.629395569,15984.629395569,,0,2503.426237154,2503.426237154,0.13540776201057356208556627922916970483277212497983,False,False,57466,0,57466,44401,47273,2872,False,15409.722719399,18732.365743511,18732.365743511,14473.528197153,15409.722719399,15409.722719399,,0,3322.643024112,3322.643024112,0.17737444749940262029229402608032548879925815546381,False,False,56897,0,56897,47885,47885,0,False,16025.84505549,19041.923485898,19041.923485898,16025.84505549,16025.84505549,16025.84505549,,0,3016.078430408,3016.078430408,0.15839147933987008411470868088434562914986199068972,False,False,58684,1798,60482,57941,57941,0,False,22477.17544104,22765.409012306,23462.910978841,22477.17544104,22477.17544104,22477.17544104,,0,288.233571266,288.233571266,0.012661031967850581582067369975697732690814546819995,False,False,137703,1798,139501,136093,136093,0,False,49306.811682349,49890.118441761,50541.53804016,49306.811682349,49306.811682349,49306.811682349,,0,583.306759412,583.306759412,0.011691829517160205968440288138341341900979076868120,False,False,147675,0,147675,140218,140218,0,False,56686.732066656,59701.416066007,59701.416066007,56686.732066656,56686.732066656,56686.732066656,,0,3014.683999351,3014.683999351,0.050496021669199757300247813550729560098825694964368,False,False,9874,0,9874,6412,5450,0,False,2315.021868349,4194.224940933,4194.224940933,2723.655086212,2723.655086212,2315.021868349,,0,1879.203072584,1879.203072584,0.44804537168337320225352834850518485802639438967748,False,False,129920,0,129920,120666,120666,0,False,41989.314610776,45209.518457826,45209.518457826,41989.314610776,41989.314610776,41989.314610776,,0,3220.20384705,3220.20384705,0.071228448275864485873396524389540335838889195948179,False,False,185380,0,185380,2899,0,0,True,0,51641.015241243,51641.015241243,807.569873688,807.569873688,0,excluded:failed_confirmation_poc,0,51641.015241243,51641.015241243,1,True,True,237071,0,237071,152486,152486,0,False,36819.850651313,57244.067086536,57244.067086536,36819.850651313,36819.850651313,36819.850651313,,0,20424.216435223,20424.216435223,0.35679184716815562237142383790562027612397357765191,False,False
gonka1famtxh54kad6ylwtm60j6d7h6unpc08d4vdqnk,44353.652015849,44353.652015849,1,1,101133,0,101133,97835,100841,3006,False,31440.579624501,31531.620463548,31531.620463548,30503.357836228,31440.579624501,31440.579624501,,0,91.040839047,91.040839047,0.0028872870378560907487748756831048936543093173243945,False,False,104360,0,104360,98430,101436,3006,False,32062.82118586,32987.065922911,32987.065922911,31112.657136758,32062.82118586,32062.82118586,,0,924.244737051,924.244737051,0.028018397853598445891976285352767046986217534021380,False,False,105171,0,105171,97070,100076,3006,False,32622.076256353,34282.908808875,34282.908808875,31642.201349017,32622.076256353,32622.076256353,,0,1660.832552522,1660.832552522,0.048444913521808610140279245645720169896850569814118,False,False,115265,0,115265,90143,0,3006,True,0,38576.151828778,38576.151828778,30168.481796743,31174.510620734,0,excluded:statistical_invalidations,0,38576.151828778,38576.151828778,1,True,True,70311,1926,72237,70311,70311,0,False,27275.895867089,27275.895867089,28023.053146035,27275.895867089,27275.895867089,27275.895867089,,0,0,0,0,False,False,73966,0,73966,73458,73458,0,False,26614.004927234,26798.054513433,26798.054513433,26614.004927234,26614.004927234,26614.004927234,,0,184.049586199,184.049586199,0.0068680204418101277242034325395067500402615356539844,False,False,74122,0,74122,72832,72832,0,False,29444.208802569,29965.724473638,29965.724473638,29444.208802569,29444.208802569,29444.208802569,,0,521.515671069,521.515671069,0.017403739780354631108275349233633738990594157910984,False,False,74208,0,74208,74208,74208,0,False,31521.677579176,31521.677579176,31521.677579176,31521.677579176,31521.677579176,31521.677579176,,0,0,0,0,False,False,92704,0,92704,92178,92178,0,False,32076.069830707,32259.10713604,32259.10713604,32076.069830707,32076.069830707,32076.069830707,,0,183.037305333,183.037305333,0.0056739730756066094078325496164063050531462715496117,False,False,100257,0,100257,95695,95695,0,False,26657.605747711,27928.43491769,27928.43491769,26657.605747711,26657.605747711,26657.605747711,,0,1270.829169979,1270.829169979,0.045503057143171704159379606102473532021919467407472,False,False,101998,0,101998,98097,98097,0,False,23686.875446545,24628.825772416,24628.825772416,23686.875446545,23686.875446545,23686.875446545,,0,941.950325871,941.950325871,0.038245847957801279753580071231928266952195070363823,False,False
gonka188c86f9mrlt4nlcg89f82nnfm9jzq9gtjafj50,24875.720509253,24875.720509253,3,3,34971,0,34971,33647,33647,0,False,10490.585998012,10903.387610678,10903.387610678,10490.585998012,10490.585998012,10490.585998012,,0,412.801612666,412.801612666,0.037859941094062504849190225358983548710748727933567,False,False,35216,0,35216,29853,33740,3887,False,10664.848641615,11131.39625854,11131.39625854,9436.210032547,10664.848641615,10664.848641615,,0,466.547616925,466.547616925,0.041912766924191111287356059183139694139985988913522,False,False,34354,0,34354,30317,34204,3887,False,11149.581280949,11198.477234409,11198.477234409,9882.524140292,11149.581280949,11149.581280949,,0,48.89595346,48.89595346,0.0043663037783172745390668742340474582098234758613594,False,False,3887,0,3887,0,0,3887,False,0,1300.876260429,1300.876260429,0,1300.876260429,0,zero_confirmation_weight,0,1300.876260429,1300.876260429,1,True,True,24278,2491,26769,24278,0,0,True,0,9418.21620886,10384.555140249,9418.21620886,9418.21620886,0,excluded:consecutive_failures,0,9418.21620886,9418.21620886,1,True,True,36512,0,36512,35940,0,0,True,0,13228.382856913,13228.382856913,13021.145921271,13021.145921271,0,excluded:consecutive_failures,0,13228.382856913,13228.382856913,1,True,True,,,,,,,,,,,,,,,,,,,,,,,,,,,,,,,,,,,,,,,,,,,,,,,,,,,,,,,,,,,,,,,,,,,,,,,,,,,,,,,,,,,,,,,,,,,,,,,,,,,,
gonka1umvyh0rz5fdmk9qhxurshhchennajced6f4s89,22590.021880984,22590.021880984,1,1,54325,0,54325,51636,51636,0,False,16099.262893969,16937.649250811,16937.649250811,16099.262893969,16099.262893969,16099.262893969,,0,838.386356842,838.386356842,0.049498389323527691202993770958763480814933206687999,False,False,53850,0,53850,50958,50958,0,False,16107.271994056,17021.401877623,17021.401877623,16107.271994056,16107.271994056,16107.271994056,,0,914.129883567,914.129883567,0.053704735376041550579314020974577296559111042733985,False,False,52411,0,52411,50299,50299,0,False,16396.117087197,17084.572111912,17084.572111912,16396.117087197,16396.117087197,16396.117087197,,0,688.455024715,688.455024715,0.040296884241834977822550308074603795913350360298469,False,False,51714,0,51714,49395,49395,0,False,16531.202182644,17307.310247459,17307.310247459,16531.202182644,16531.202182644,16531.202182644,,0,776.108064815,776.108064815,0.044842789186664376535534409847237408563923458595245,False,False,49939,1239,51178,3204,0,0,True,0,19372.942551045,19853.590457906,1242.934538808,1242.934538808,0,excluded:failed_confirmation_poc,0,19372.942551045,19372.942551045,1,True,True,,,,,,,,,,,,,,,,,,,,,,,,,,,,,,,,,,,,,,,,,,,,,,,,,,,,,,,,,,,,,,,,,,,,,,,,,,,,,,,,,,,,,,,,,,,,,,,,,,,,,,,,,,,,,,,,,,,,,,,,
gonka1dzdmx5ljrwkelrmgd7suv2q43epn293qacpgqn,17453.420449414,17453.420449414,3,3,,,,,,,,,,,,,,,,,,,,,15654,0,15654,14801,14801,0,False,4678.435825268,4948.059888436,4948.059888436,4678.435825268,4678.435825268,4678.435825268,,0,269.624063168,269.624063168,0.054490864954592074023781067001837277436606269919431,False,False,15259,0,15259,14610,14610,0,False,4762.465866994,4974.022358964,4974.022358964,4762.465866994,4762.465866994,4762.465866994,,0,211.55649197,211.55649197,0.042532276033850285701383315853576724818805496264854,False,False,15009,0,15009,0,0,0,True,0,5023.115974477,5023.115974477,0,0,0,excluded:statistical_invalidations,0,5023.115974477,5023.115974477,1,True,True,15678,0,15678,15229,0,0,True,0,6081.999906191,6081.999906191,5907.818380621,5907.818380621,0,excluded:consecutive_failures,0,6081.999906191,6081.999906191,1,True,True,16194,0,16194,15788,0,0,True,0,5867.124013608,5867.124013608,5720.029265582,5720.029265582,0,excluded:consecutive_failures,0,5867.124013608,5867.124013608,1,True,True,,,,,,,,,,,,,,,,,,,,,,,,,,,,,,,,,,,,,,,,,,,,,,,,,,,,,,,,,,,,,,,,,,,,,,,,,,,,,,,,,,,,,,,,,,,,,,,,,,,,
gonka17pw6099q758qwzewtrqmqpf5c2lrhr97fwqexu,11543.095109315,11543.095109315,1,2,23760,0,23760,23303,23303,0,False,7265.495453136,7407.980601919,7407.980601919,7265.495453136,7265.495453136,7265.495453136,,0,142.485148783,142.485148783,0.019234006734047054750300466760695000238827069085695,False,False,23517,0,23517,10834,11296,462,False,3570.543279658,7433.469042823,7433.469042823,3424.510082491,3570.543279658,3570.543279658,,0,3862.925763165,3862.925763165,0.51966662414430142296531809904045917791416317525260,False,True,11465,0,11465,10606,11055,449,False,3603.631769994,3737.280709451,3737.280709451,3457.269882638,3603.631769994,3603.631769994,,0,133.648939457,133.648939457,0.035761011774957839724180593865151527788761735469432,False,False,5606,0,5606,0,0,449,True,0,1876.18016876,1876.18016876,0,150.268443769,0,excluded:failed_confirmation_poc,0,1876.18016876,1876.18016876,1,True,True,2449,288,2737,2449,2449,0,False,950.045782004,950.045782004,1061.77023493,950.045782004,950.045782004,950.045782004,,0,0,0,0,False,False,15228,0,15228,15192,15192,0,False,5504.097073899,5517.139957961,5517.139957961,5504.097073899,5504.097073899,5504.097073899,,0,13.042884062,13.042884062,0.0023640661939669790377220501504035181765939419021146,False,False,16411,0,16411,16411,16411,0,False,6634.568742571,6634.568742571,6634.568742571,6634.568742571,6634.568742571,6634.568742571,,0,0,0,0,False,False,22770,0,22770,24073,20462,0,False,8691.738985353,9672.1188885,9672.1188885,9672.1188885,9672.1188885,8691.738985353,,0,980.379903147,980.379903147,0.10136144049187159658019954248828503737844640535303,False,False,42378,0,42378,48910,41573,0,False,14466.558734969,14746.682367655,14746.682367655,14746.682367655,14746.682367655,14466.558734969,,0,280.123632686,280.123632686,0.018995705318805542902094730484481991523772832853336,False,False,44770,0,44770,49616,44654,0,False,12439.194598028,12471.508535713,12471.508535713,12471.508535713,12471.508535713,12439.194598028,,0,32.313937685,32.313937685,0.0025910207728653574776988275635575096005964843494191,False,False,58425,0,58425,43095,40940,0,False,9885.528413525,14107.523145095,14107.523145095,10405.882925766,10405.882925766,9885.528413525,,0,4221.99473157,4221.99473157,0.29927257167307444496778516025805608627094580405909,False,False
gonka1y2a9p56kv044327uycmqdexl7zs82fs5ryv5le,8197.363553825,8197.363553825,2,5,1004,0,1004,1001,1001,0,False,312.095479062,313.030830148,313.030830148,312.095479062,312.095479062,312.095479062,,0,0.935351086,0.935351086,0.0029880478084467556257953255511039977066687276119513,False,False,1053,0,1053,999,0,0,False,0,332.841897439,332.841897439,315.773082186,315.773082186,0,downtime_punishment(16.31%),0,332.841897439,332.841897439,1,True,True,1053,0,1053,1005,1005,0,False,327.602888181,343.249593288,343.249593288,327.602888181,327.602888181,327.602888181,,0,15.646705107,15.646705107,0.045584045583622279406218505060278601823833080771449,False,False,994,0,994,0,0,994,False,0,332.665552577,332.665552577,0,332.665552577,0,zero_confirmation_weight,0,332.665552577,332.665552577,1,True,True,357,637,994,357,357,0,False,138.491769773,138.491769773,385.604535448,138.491769773,138.491769773,138.491769773,,0,0,0,0,False,False,1021,0,1021,1021,1021,0,False,369.910684073,369.910684073,369.910684073,369.910684073,369.910684073,369.910684073,,0,0,0,0,False,False,3991,0,3991,3991,2199,0,False,889.002295101,1613.464374602,1613.464374602,1613.464374602,1613.464374602,889.002295101,,0,724.462079501,724.462079501,0.44901027311477273162580955478925414935555868808291,False,False,3992,0,3992,3987,2201,0,False,934.929015089,1695.700421734,1695.700421734,1693.57654846,1693.57654846,934.929015089,,0,760.771406645,760.771406645,0.44864729458936242475073843260722879213479541064115,False,False,10807,0,10807,4291,4291,0,False,1493.180755099,3760.616271349,3760.616271349,1493.180755099,1493.180755099,1493.180755099,,0,2267.43551625,2267.43551625,0.60294253724446884798943113758912110311969575983660,False,True,11323,0,11323,4194,4194,0,False,1168.315988357,3154.230313823,3154.230313823,1168.315988357,1168.315988357,1168.315988357,,0,1985.914325466,1985.914325466,0.62960346198024644714339766539456997520151246812558,False,True,11557,0,11557,4199,4199,0,False,1013.906541484,2790.597261238,2790.597261238,1013.906541484,1013.906541484,1013.906541484,,0,1776.690719754,1776.690719754,0.63667041619821630038675241160424579304358082406060,False,True
gonka1wkgawwdzj623ss8eywayzdj6qcgr2llygactje,8025.000790562,8025.000790562,4,4,,,,,,,,,,,,,,,,,,,,,,,,,,,,,,,,,,,,,,,,,,,,,,,,,,,,,,,,,,,,,3061,0,3061,0,0,0,True,0,1024.435871668,1024.435871668,0,0,0,excluded:failed_confirmation_poc,0,1024.435871668,1024.435871668,1,True,True,9398,0,9398,7825,0,0,False,0,3645.786140986,3645.786140986,3035.5689033,3035.5689033,0,downtime_punishment(14.39%),0,3645.786140986,3645.786140986,1,True,True,8029,0,8029,0,0,0,True,0,2908.925448021,2908.925448021,0,0,0,excluded:failed_confirmation_poc,0,2908.925448021,2908.925448021,1,True,True,,,,,,,,,,,,,,,,,,,,,10173,0,10173,11707,9951,0,False,4226.932589348,4321.232562701,4321.232562701,4321.232562701,4321.232562701,4226.932589348,,0,94.299973353,94.299973353,0.021822471247429808582367084408673090487907918242697,False,False,,,,,,,,,,,,,,,,,,,,,1262,0,1262,0,0,0,True,0,351.553356534,351.553356534,0,0,0,excluded:failed_confirmation_poc,0,351.553356534,351.553356534,1,True,True,,,,,,,,,,,,,,,,,,,,
gonka17gpuntq09zsaqtmpe544gc32tk4424dwv5t34f,7300.122568421,7300.122568421,0,0,100021,0,100021,97173,98067,894,False,30575.691653553,31184.9169943,31184.9169943,30296.957029895,30575.691653553,30575.691653553,,0,609.225340747,609.225340747,0.019535897461530989982456154778285928490245133325011,False,False,101674,0,101674,97520,97520,0,False,30825.015990822,32138.050408643,32138.050408643,30825.015990822,30825.015990822,30825.015990822,,0,1313.034417821,1313.034417821,0.040856069398281888069683581099049020364997601627550,False,False,101759,0,101759,101759,101759,0,False,33170.688854174,33170.688854174,33170.688854174,33170.688854174,33170.688854174,33170.688854174,,0,0,0,0,False,False,107283,0,107283,106448,106448,835,False,35625.334749228,35904.787200337,35904.787200337,35625.334749228,35904.787200337,35625.334749228,,0,279.452451109,279.452451109,0.0077831529692613545819694740735262256960882826772587,False,False,110631,0,110631,106218,106218,0,False,41205.374794989,42917.319276812,42917.319276812,41205.374794989,41205.374794989,41205.374794989,,0,1711.944481823,1711.944481823,0.039889361932909787413034256091885923785054552573787,False,False,107584,0,107584,105728,105728,0,False,38305.501278915,38977.934412746,38977.934412746,38305.501278915,38305.501278915,38305.501278915,,0,672.433133831,672.433133831,0.017251635930997683869658919673212016331097310273164,False,False,104572,0,104572,104572,104572,0,False,42275.919965157,42275.919965157,42275.919965157,42275.919965157,42275.919965157,42275.919965157,,0,0,0,0,False,False,108226,0,108226,108226,108226,0,False,45971.661784227,45971.661784227,45971.661784227,45971.661784227,45971.661784227,45971.661784227,,0,0,0,0,False,False,110060,0,110060,105421,105421,0,False,36684.364573141,38298.642252681,38298.642252681,36684.364573141,36684.364573141,36684.364573141,,0,1614.27767954,1614.27767954,0.042149736507356120605653539601818204412390765470815,False,False,115973,0,115973,114245,114245,0,False,31825.050092976,32306.416337106,32306.416337106,31825.050092976,31825.050092976,31825.050092976,,0,481.36624413,481.36624413,0.014900019832194134887892360591226148098078044907529,False,False,117748,0,117748,115187,115187,0,False,27813.491972855,28431.880792275,28431.880792275,27813.491972855,27813.491972855,27813.491972855,,0,618.38881942,618.38881942,0.021749838638463112277895015033502074584309720592378,False,False
gonka1jltjehxsnum94nt8c00ts7khmpy4lafv6gryzk,6670.941200907,6670.941200907,1,1,17959,0,17959,15920,17732,1812,False,5528.548486247,5599.323385095,5599.323385095,4963.596430242,5528.548486247,5528.548486247,,0,70.774898848,70.774898848,0.012639901998944683083365126107478843717434175280598,False,False,17748,0,17748,5156,0,1812,True,0,5609.95061326,5609.95061326,1629.755767521,2202.509346021,0,excluded:failed_confirmation_poc,0,5609.95061326,5609.95061326,1,True,True,19691,0,19691,18930,18930,0,False,6170.669326639,6418.734797192,6418.734797192,6170.669326639,6170.669326639,6170.669326639,,0,248.065470553,248.065470553,0.038647097658797345892200273995632031624010193535371,False,False,19263,0,19263,17348,17348,0,False,5805.917511175,6446.817443957,6446.817443957,5805.917511175,5805.917511175,5805.917511175,,0,640.899932782,640.899932782,0.099413383169823596369282023467187095209623411370482,False,False,17276,1103,18379,17015,17015,0,False,6600.665161618,6701.915447082,7129.804584506,6600.665161618,6600.665161618,6600.665161618,,0,101.250285464,101.250285464,0.015107663810960814642981456462304353594464415958672,False,False,16843,1103,17946,16843,16843,0,False,6102.258229047,6102.258229047,6501.877704595,6102.258229047,6102.258229047,6102.258229047,,0,0,0,0,False,False,17096,1103,18199,17096,17096,0,False,6911.497606666,6911.497606666,7357.413719216,6911.497606666,6911.497606666,6911.497606666,,0,0,0,0,False,False,17038,1103,18141,17038,17038,0,False,7237.310567512,7237.310567512,7705.837011694,7237.310567512,7237.310567512,7237.310567512,,0,0,0,0,False,False,0,0,0,0,0,0,False,0,0,0,0,0,0,zero_weight,0,0,0,0,False,False,,,,,,,,,,,,,,,,,,,,,,,,,,,,,,,,,,,,,,,,
gonka15munkmx6x7k6rqqeexjet4556p7at39ks9qgr5,6340.708202413,6340.708202413,0,0,24194,0,24194,20253,23260,3007,False,7252.088754235,7543.294725708,7543.294725708,6314.555182267,7252.088754235,7252.088754235,,0,291.205971473,291.205971473,0.038604612713931568436567543706428649326816342347888,False,False,24016,0,24016,23023,23023,0,False,7277.320992173,7591.197539331,7591.197539331,7277.320992173,7277.320992173,7277.320992173,,0,313.876547158,313.876547158,0.041347435043254247082066723730377676112433594412723,False,False,24036,0,24036,18349,18349,0,False,5981.279000238,7835.087582414,7835.087582414,5981.279000238,5981.279000238,5981.279000238,,0,1853.808582176,1853.808582176,0.23660342819101446781107851696841612841783237169627,False,False,19154,0,19154,19154,19154,0,False,6410.338022196,6410.338022196,6410.338022196,6410.338022196,6410.338022196,6410.338022196,,0,0,0,0,False,False,22536,0,22536,22189,22189,0,False,8607.825993014,8742.438441505,8742.438441505,8607.825993014,8607.825993014,8607.825993014,,0,134.612448491,134.612448491,0.015397586084441062754902990263877797422942324416124,False,False,22435,0,22435,22395,22395,0,False,8113.760793179,8128.252886581,8128.252886581,8113.760793179,8113.760793179,8113.760793179,,0,14.492093402,14.492093402,0.0017829284600538348167614727398703604185741275910407,False,False,19056,0,19056,22418,19056,0,False,7703.87800612,7703.87800612,7703.87800612,7703.87800612,7703.87800612,7703.87800612,,0,0,0,0,False,False,22321,0,22321,21804,16880,0,False,7170.196172063,9481.39506852,9481.39506852,9261.786572018,9261.786572018,7170.196172063,,0,2311.198896457,2311.198896457,0.24376148022041728831010704701064190858315853562498,False,False,28441,0,28441,28441,28441,0,False,9896.889735676,9896.889735676,9896.889735676,9896.889735676,9896.889735676,9896.889735676,,0,0,0,0,False,False,32185,0,32185,31280,31280,0,False,8713.620437728,8965.724865354,8965.724865354,8713.620437728,8713.620437728,8713.620437728,,0,252.104427626,252.104427626,0.028118688830191532333410746210086003552779059626242,False,False,32509,0,32509,27666,27666,0,False,6680.337789169,7849.747024799,7849.747024799,6680.337789169,6680.337789169,6680.337789169,,0,1169.40923563,1169.40923563,0.14897413024083330891525227146947015232829920409034,False,False
gonka1wthc28t25pg63hzvl07rl8e8r6km6hesl6jhsz,6218.382390753,6218.382390753,2,2,467,0,467,439,439,0,False,136.873042266,145.602985736,145.602985736,136.873042266,136.873042266,136.873042266,,0,8.72994347,8.72994347,0.059957173445802092202228272580812758615641084960505,False,False,475,0,475,447,447,0,False,141.291859596,150.142356395,150.142356395,141.291859596,141.291859596,141.291859596,,0,8.850496799,8.850496799,0.058947368427572759489059569584890955181015493745808,False,False,475,0,475,453,453,0,False,147.665779448,154.837185956,154.837185956,147.665779448,147.665779448,147.665779448,,0,7.171406508,7.171406508,0.046315789477328106033924154792458336273743484307734,False,False,10754,0,10754,3394,0,0,False,0,3599.079831403,3599.079831403,1135.882178517,1135.882178517,0,downtime_punishment(27.70%),0,3599.079831403,3599.079831403,1,True,True,5413,290,5703,5413,5413,0,False,2099.87661004,2099.87661004,2212.376927223,2099.87661004,2099.87661004,2099.87661004,,0,0,0,0,False,False,10960,0,10960,10917,10917,0,False,3955.254591611,3970.833592018,3970.833592018,3955.254591611,3955.254591611,3955.254591611,,0,15.579000407,15.579000407,0.0039233576643242468978393198693980657355008179392779,False,False,7723,0,7723,7842,5710,0,False,2308.41432698,3122.221339277,3122.221339277,3122.221339277,3122.221339277,2308.41432698,,0,813.807012297,813.807012297,0.26065000647438081845951937915658231684823761248178,False,False,5583,0,5583,6266,5326,0,False,2262.349811161,2371.51689743,2371.51689743,2371.51689743,2371.51689743,2262.349811161,,0,109.167086269,109.167086269,0.046032598961155950155856275745094048735175239632237,False,False,5514,0,5514,5891,5007,0,False,1742.334197339,1918.759888981,1918.759888981,1918.759888981,1918.759888981,1742.334197339,,0,176.425691642,176.425691642,0.091947769314530947867326451084406217004572643598288,False,False,3986,0,3986,1486,0,0,True,0,1110.373755268,1110.373755268,413.952684477,413.952684477,0,excluded:failed_confirmation_poc,0,1110.373755268,1110.373755268,1,True,True,4256,0,4256,2871,2727,0,False,658.471812009,1027.669978699,1027.669978699,693.242600762,693.242600762,658.471812009,,0,369.19816669,369.19816669,0.35925751879741980198297041077315939930042558846552,False,False
gonka19ghzvgfr065s3fr5awuvs3nhy9fq4n7wrr9kel,6010.701218702,6010.701218702,2,2,10548,0,10548,4280,5597,1317,False,1745.053342968,3288.69441873,3288.69441873,1334.43421617,1745.053342968,1745.053342968,,0,1543.641075762,1543.641075762,0.46937808115297929172278757978612686864606323721025,False,False,8761,0,8761,6822,6822,0,False,2156.360327003,2769.257230266,2769.257230266,2156.360327003,2156.360327003,2156.360327003,,0,612.896903263,612.896903263,0.22132176692164072096648225351854212566741869428015,False,False,7686,0,7686,498,0,960,True,0,2505.428655285,2505.428655285,162.334565486,475.26866763,0,excluded:failed_confirmation_poc,0,2505.428655285,2505.428655285,1,True,True,4030,0,4030,0,0,0,True,0,1348.734584392,1348.734584392,0,0,0,excluded:failed_confirmation_poc,0,1348.734584392,1348.734584392,1,True,True,9341,0,9341,9341,9341,0,False,3623.674009678,3623.674009678,3623.674009678,3623.674009678,3623.674009678,3623.674009678,,0,0,0,0,False,False,9236,0,9236,9236,9236,0,False,3346.224366412,3346.224366412,3346.224366412,3346.224366412,3346.224366412,3346.224366412,,0,0,0,0,False,False,8008,0,8008,9421,8008,0,False,3237.439917769,3237.439917769,3237.439917769,3237.439917769,3237.439917769,3237.439917769,,0,0,0,0,False,False,7946,0,7946,9348,7946,0,False,3375.259406588,3375.259406588,3375.259406588,3375.259406588,3375.259406588,3375.259406588,,0,0,0,0,False,False,7963,0,7963,9368,7963,0,False,2770.962095748,2770.962095748,2770.962095748,2770.962095748,2770.962095748,2770.962095748,,0,0,0,0,False,False,3805,0,3805,4476,3805,0,False,1059.952869742,1059.952869742,1059.952869742,1059.952869742,1059.952869742,1059.952869742,,0,0,0,0,False,False,6742,0,6742,7931,6742,0,False,1627.94901231,1627.94901231,1627.94901231,1627.94901231,1627.94901231,1627.94901231,,0,0,0,0,False,False
gonka16k03ze5ynkprsd4n6e5uzhthvu9jjk553rauqy,5390.964505389,5390.964505389,0,1,2685,0,2685,0,2685,2685,False,837.13922206,837.13922206,837.13922206,0,837.13922206,837.13922206,,0,0,0,0,False,False,2685,0,2685,0,2685,2685,False,848.699425095,848.699425095,848.699425095,0,848.699425095,848.699425095,,0,0,0,0,False,False,2685,0,2685,0,2685,2685,False,875.237566932,875.237566932,875.237566932,0,875.237566932,875.237566932,,0,0,0,0,False,False,2685,0,2685,964,964,0,False,322.625344752,898.598600271,898.598600271,322.625344752,322.625344752,322.625344752,,0,575.973255519,575.973255519,0.64096834264520062588919082489559775238164516292878,False,True,964,1721,2685,964,964,0,False,373.966571601,373.966571601,1041.597764263,373.966571601,373.966571601,373.966571601,,0,0,0,0,False,False,964,1721,2685,964,964,0,False,349.259450976,349.259450976,972.781769577,349.259450976,349.259450976,349.259450976,,0,0,0,0,False,False,4936,0,4936,4936,4936,0,False,1995.504924339,1995.504924339,1995.504924339,1995.504924339,1995.504924339,1995.504924339,,0,0,0,0,False,False,4936,0,4936,2860,2860,0,False,1214.855512565,2096.687695811,2096.687695811,1214.855512565,1214.855512565,1214.855512565,,0,881.832183246,881.832183246,0.42058346839532856948988224502538776967659483440250,False,False,18540,0,18540,18350,18350,0,False,6385.426906566,6451.543043473,6451.543043473,6385.426906566,6385.426906566,6385.426906566,,0,66.116136907,66.116136907,0.010248112189825568669652058929811991045286889243123,False,False,64136,0,64136,64136,64136,0,False,17866.264718483,17866.264718483,17866.264718483,17866.264718483,17866.264718483,17866.264718483,,0,0,0,0,False,False,98203,0,98203,82188,82188,0,False,19845.427680771,23712.470610488,23712.470610488,19845.427680771,19845.427680771,19845.427680771,,0,3867.042929717,3867.042929717,0.16308055762045356470264566246414881341280428387443,False,False
gonka1vcvn2p5gczr5pynqq0ca0933tdrf5w64sjgtdg,5345.453127574,5345.453127574,2,2,8330,0,8330,0,0,0,True,0,2597.158182406,2597.158182406,0,0,0,excluded:failed_confirmation_poc,0,2597.158182406,2597.158182406,1,True,True,,,,,,,,,,,,,,,,,,,,,7655,0,7655,7173,7173,0,False,2338.204494452,2495.32349157,2495.32349157,2338.204494452,2338.204494452,2338.204494452,,0,157.118997118,157.118997118,0.062965382103281667138815650147251821553931927343147,False,False,7485,0,7485,7416,0,0,True,0,2505.031852152,2505.031852152,2481.939374157,2481.939374157,0,excluded:statistical_invalidations,0,2505.031852152,2505.031852152,1,True,True,7624,0,7624,7599,7599,0,False,2947.896242323,2957.594545528,2957.594545528,2947.896242323,2947.896242323,2947.896242323,,0,9.698303205,9.698303205,0.0032791185727821341358238923774742710125919524595794,False,False,8144,0,8144,7933,7933,0,False,2874.144423857,2950.59021655,2950.59021655,2874.144423857,2874.144423857,2874.144423857,,0,76.445792693,76.445792693,0.025908644400775117861901594937015856621630334470716,False,False,,,,,,,,,,,,,,,,,,,,,,,,,,,,,,,,,,,,,,,,,,,,,,,,,,,,,,,,,,,,,,,,,,,,,,,,,,,,,,,,,,,,,,,,,,,,,,,,,,,,
gonka1kx9mca3xm8u8ypzfuhmxey66u0ufxhs7nm6wc5,5240.069916591,5240.069916591,7,7,2127,0,2127,2074,0,0,False,0,663.163920045,663.163920045,646.639384191,646.639384191,0,downtime_punishment(98.69%),0,663.163920045,663.163920045,1,True,True,2055,0,2055,2042,0,0,False,0,649.56324714,649.56324714,645.454087912,645.454087912,0,downtime_punishment(98.94%),0,649.56324714,649.56324714,1,True,True,2177,0,2177,1968,0,0,False,0,709.643271214,709.643271214,641.514909393,641.514909393,0,downtime_punishment(100.00%),0,709.643271214,709.643271214,1,True,True,2087,0,2087,2041,0,0,False,0,698.463790974,698.463790974,683.068805643,683.068805643,0,downtime_punishment(100.00%),0,698.463790974,698.463790974,1,True,True,2111,0,2111,2108,0,0,False,0,818.924722666,818.924722666,817.760926282,817.760926282,0,downtime_punishment(98.11%),0,818.924722666,818.924722666,1,True,True,2167,0,2167,2108,0,0,False,0,785.109160027,785.109160027,763.73332226,763.73332226,0,downtime_punishment(93.75%),0,785.109160027,785.109160027,1,True,True,2167,0,2167,2058,0,0,False,0,876.065472253,876.065472253,831.999419426,831.999419426,0,downtime_punishment(100.00%),0,876.065472253,876.065472253,1,True,True,2148,0,2148,2088,2088,0,False,886.929479103,912.415958388,912.415958388,886.929479103,886.929479103,886.929479103,,0,25.486479285,25.486479285,0.027932960894313962857065880484587533235559693164204,False,False,5352,0,5352,5352,5352,0,False,1862.387182776,1862.387182776,1862.387182776,1862.387182776,1862.387182776,1862.387182776,,0,0,0,0,False,False,5386,0,5386,5337,5337,0,False,1486.719701923,1500.36955491,1500.36955491,1486.719701923,1486.719701923,1486.719701923,,0,13.649852987,13.649852987,0.0090976606012368662426713383702593328437161869469782,False,False,5307,0,5307,5307,5307,0,False,1281.448443834,1281.448443834,1281.448443834,1281.448443834,1281.448443834,1281.448443834,,0,0,0,0,False,False
gonka163ug8zucqeag9v5ey4au34jqt7vejkmxsg74eu,5182.643889236,5182.643889236,4,4,,,,,,,,,,,,,,,,,,,,,,,,,,,,,,,,,,,,,,,,,,,,,,,,,,,,,,,,,,,,,9570,0,9570,0,0,0,True,0,3202.826295939,3202.826295939,0,0,0,excluded:failed_confirmation_poc,0,3202.826295939,3202.826295939,1,True,True,3073,0,3073,1567,1567,0,False,607.889644916,1192.115430011,1192.115430011,607.889644916,607.889644916,607.889644916,,0,584.225785095,584.225785095,0.49007484542802132567002489466781729866431978798789,False,False,1489,0,1489,0,0,0,True,0,539.468176871,539.468176871,0,0,0,excluded:failed_confirmation_poc,0,539.468176871,539.468176871,1,True,True,1266,0,1266,0,0,0,True,0,511.813053933,511.813053933,0,0,0,excluded:failed_confirmation_poc,0,511.813053933,511.813053933,1,True,True,1697,0,1697,1996,1697,0,False,720.842589099,720.842589099,720.842589099,720.842589099,720.842589099,720.842589099,,0,0,0,0,False,False,,,,,,,,,,,,,,,,,,,,,1236,0,1236,0,0,0,True,0,344.310577398,344.310577398,0,0,0,excluded:failed_confirmation_poc,0,344.310577398,344.310577398,1,True,True,,,,,,,,,,,,,,,,,,,,
gonka14tqh62mangwzrma2lgg2dm375rcjzn2ydy8ttm,4577.860938067,4577.860938067,2,2,2015,0,2015,0,2015,2015,False,628.244146164,628.244146164,628.244146164,0,628.244146164,628.244146164,,0,0,0,0,False,False,4688,0,4688,0,0,0,True,0,1481.826035325,1481.826035325,0,0,0,excluded:failed_confirmation_poc,0,1481.826035325,1481.826035325,1,True,True,6924,0,6924,5974,5974,0,False,1947.362839796,2257.037211709,2257.037211709,1947.362839796,1947.362839796,1947.362839796,,0,309.674371913,309.674371913,0.13720392836523881962221033000410416185517206753960,False,False,6679,0,6679,4794,4794,0,False,1604.425210316,2235.284935274,2235.284935274,1604.425210316,1604.425210316,1604.425210316,,0,630.859724958,630.859724958,0.28222787842511431828332824011555737622699867518850,False,False,5475,1284,6759,5475,5475,0,False,2123.928401989,2123.928401989,2622.03325462,2123.928401989,2123.928401989,2123.928401989,,0,0,0,0,False,False,5517,1284,6801,5517,5517,0,False,1998.821982405,1998.821982405,2464.018180594,1998.821982405,1998.821982405,1998.821982405,,0,0,0,0,False,False,4690,1284,5974,5517,4690,0,False,1896.053098693,1896.053098693,2415.143115478,1896.053098693,1896.053098693,1896.053098693,,0,0,0,0,False,False,5906,0,5906,6187,5259,0,False,2233.889909293,2508.719110912,2508.719110912,2508.719110912,2508.719110912,2233.889909293,,0,274.829201619,274.829201619,0.10954961056564469473991133204115500406837760178326,False,False,7694,0,7694,8280,7038,0,False,2449.08090291,2677.355565074,2677.355565074,2677.355565074,2677.355565074,2449.08090291,,0,228.274662164,228.274662164,0.085261242526705887140180338486952761148094088009204,False,False,5802,0,5802,3440,2924,0,False,814.534084396,1616.25402109,1616.25402109,958.275393407,958.275393407,814.534084396,,0,801.719936694,801.719936694,0.49603584970716479567932667707117840424144191107833,False,False,3523,0,3523,0,0,0,True,0,850.677005394,850.677005394,0,0,0,excluded:failed_confirmation_poc,0,850.677005394,850.677005394,1,True,True
gonka14ljarev2nlzu4ej50vx7ylj2rvg4n20fnq2ysc,3635.940482245,3635.940482245,0,0,8170,0,8170,5233,7877,2644,False,2455.920168405,2547.272791148,2547.272791148,1631.564077855,2455.920168405,2455.920168405,,0,91.352622743,91.352622743,0.035862913096884835708850879927249248339640083426673,False,False,7960,0,7960,5307,7951,2644,False,2513.225001466,2516.069804008,2516.069804008,1677.485232396,2513.225001466,2513.225001466,,0,2.844802542,2.844802542,0.0011306532662441803915349745029839085513607351140045,False,False,8110,0,8110,7899,7899,0,False,2574.860909198,2643.641217065,2643.641217065,2574.860909198,2574.860909198,2574.860909198,,0,68.780307867,68.780307867,0.026017262638748183024898483455359743914675701867583,False,False,13218,0,13218,10007,10007,0,False,3349.078656579,4423.715567369,4423.715567369,3349.078656579,3349.078656579,3349.078656579,,0,1074.63691079,1074.63691079,0.24292631260403098847089880389098676907864268259135,False,False,13743,0,13743,13474,13474,0,False,5226.9974956,5331.35123809,5331.35123809,5226.9974956,5226.9974956,5226.9974956,,0,104.35374249,104.35374249,0.019573601105933807901265491014885203443926673001927,False,False,13570,0,13570,8072,8072,0,False,2924.504448428,4916.442686467,4916.442686467,2924.504448428,2924.504448428,2924.504448428,,0,1991.938238039,1991.938238039,0.40515843773019242913228585852271288006425324674475,False,False,9252,0,9252,10677,9076,0,False,3669.206380329,3740.358905994,3740.358905994,3740.358905994,3740.358905994,3669.206380329,,0,71.152525665,71.152525665,0.019022913964479893546287100439360276353821154310940,False,False,10979,0,10979,10682,10682,0,False,4537.442861965,4663.600934424,4663.600934424,4537.442861965,4537.442861965,4537.442861965,,0,126.158072459,126.158072459,0.027051644047794528322250121581986532051165789223231,False,False,10440,0,10440,10905,10360,0,False,3605.069359783,3632.907733218,3632.907733218,3632.907733218,3632.907733218,3605.069359783,,0,27.838373435,27.838373435,0.0076628352491465551667744629102704401343960705678351,False,False,10318,0,10318,10571,10042,0,False,2797.38415715,2874.269043365,2874.269043365,2874.269043365,2874.269043365,2797.38415715,,0,76.884886215,76.884886215,0.026749370032872208037764279697673394838963657475463,False,False,7689,0,7689,8093,7689,0,False,1856.615241123,1856.615241123,1856.615241123,1856.615241123,1856.615241123,1856.615241123,,0,0,0,0,False,False
gonka1hwvel7n3zuk6wruefuzc356l9myske9stckwnz,3409.478841631,3409.478841631,0,0,16480,0,16480,13409,16155,2746,False,5036.865598653,5138.195299647,5138.195299647,4180.707571175,5036.865598653,5036.865598653,,0,101.329700994,101.329700994,0.019720873786358698441568505687176523342266362031786,False,False,16403,0,16403,13302,16027,2725,False,5065.961149353,5184.810677783,5184.810677783,4204.618157402,5065.961149353,5065.961149353,,0,118.84952843,118.84952843,0.022922636103044650463582595088652805604763811747464,False,False,16524,0,16524,15322,15322,0,False,4994.558659417,5386.378233142,5386.378233142,4994.558659417,4994.558659417,4994.558659417,,0,391.819573725,391.819573725,0.072742677317786966450648481737247491879449464601518,False,False,16164,0,16164,9101,9101,2694,False,3045.864380286,5409.663975711,5409.663975711,3045.864380286,3947.475042905,3045.864380286,,0,2363.799595425,2363.799595425,0.43695867359567788738180785472382961000666536728564,False,False,19190,0,19190,18860,18860,0,False,7316.399938179,7444.41754049,7444.41754049,7316.399938179,7316.399938179,7316.399938179,,0,128.017602311,128.017602311,0.017196456487658769381848402205942667063122320935678,False,False,19038,0,19038,18954,18954,0,False,6867.078458313,6897.511854456,6897.511854456,6867.078458313,6867.078458313,6867.078458313,,0,30.433396143,30.433396143,0.0044122281751990192305814118041028416646964858120704,False,False,18991,0,18991,18991,18991,0,False,7677.60008471,7677.60008471,7677.60008471,7677.60008471,7677.60008471,7677.60008471,,0,0,0,0,False,False,19032,0,19032,18954,18954,0,False,8051.178806,8084.31122907,8084.31122907,8051.178806,8051.178806,8051.178806,,0,33.13242307,33.13242307,0.0040983606557427744416317802043251562928784466592557,False,False,18120,0,18120,18990,18041,0,False,6277.901189175,6305.391582941,6305.391582941,6305.391582941,6305.391582941,6277.901189175,,0,27.490393766,27.490393766,0.0043598233994498021932871188548043487963709321586453,False,False,18130,0,18130,18661,17728,0,False,4938.461097188,5050.445605371,5050.445605371,5050.445605371,5050.445605371,4938.461097188,,0,111.984508183,111.984508183,0.022173193601750264801386896980288427682276362885385,False,False,18283,0,18283,18798,17858,0,False,4312.060732992,4414.682852576,4414.682852576,4414.682852576,4414.682852576,4312.060732992,,0,102.622119584,102.622119584,0.023245638024511599162521520783162161345876583721755,False,False
gonka1zsvl7ujlc8z3a35v2q6e3nml7ftyk23v76jqgl,3358.217396897,3358.217396897,1,1,7395,0,7395,7124,7124,0,False,2221.147045794,2305.640427238,2305.640427238,2221.147045794,2221.147045794,2221.147045794,,0,84.493381444,84.493381444,0.036646382690824565820116821422654642107126878192314,False,False,7137,0,7137,0,0,0,True,0,2255.928415981,2255.928415981,0,0,0,excluded:failed_confirmation_poc,0,2255.928415981,2255.928415981,1,True,True,3675,0,3675,3466,3466,0,False,1129.822497946,1197.950859767,1197.950859767,1129.822497946,1129.822497946,1129.822497946,,0,68.128361821,68.128361821,0.056870748299517798546250592500327090255251548489621,False,False,8289,0,8289,6413,6413,0,False,2146.261759232,2774.109421843,2774.109421843,2146.261759232,2146.261759232,2146.261759232,,0,627.847662611,627.847662611,0.22632404391384273049575234407888944404457079945529,False,False,6447,1769,8216,6403,6403,0,False,2483.929416975,2500.998430617,3187.250365433,2483.929416975,2483.929416975,2483.929416975,,0,17.069013642,17.069013642,0.0068248797892244375259557928017113052891217227339930,False,False,6414,1769,8183,6403,6403,0,False,2319.821851249,2323.807176934,2964.720007617,2319.821851249,2319.821851249,2319.821851249,,0,3.985325685,3.985325685,0.0017149984407304332450162703814435606440918032342018,False,False,5445,1769,7214,6405,5445,0,False,2201.281262769,2201.281262769,2916.445000847,2201.281262769,2201.281262769,2201.281262769,,0,0,0,0,False,False,5500,1769,7269,6096,5182,0,False,2201.182260878,2336.260601087,3087.686965327,2336.260601087,2336.260601087,2201.182260878,,0,135.078340209,135.078340209,0.057818181818480197099292786837679298579722913806722,False,False,5583,1769,7352,6265,5325,0,False,1852.991731742,1942.770486068,2558.346518641,1942.770486068,1942.770486068,1852.991731742,,0,89.778754326,89.778754326,0.046211714131865601873793927438005156587609211473291,False,False,5461,1769,7230,6307,5361,0,False,1493.405344202,1521.262187034,2014.049736725,1521.262187034,1521.262187034,1493.405344202,,0,27.856842832,27.856842832,0.018311664530564844313691467106277643985366843345129,False,False,6621,0,6621,7556,6422,0,False,1550.680592859,1598.731891205,1598.731891205,1598.731891205,1598.731891205,1550.680592859,,0,48.051298346,48.051298346,0.030055882797072785749915386482565228175006191969510,False,False
gonka1d694r00czmq75txghwjcuk07lxvc8d4ekgsha0,3334.050828532,3334.050828532,1,1,922,0,922,467,920,453,False,286.840999737,287.464567128,287.464567128,145.602985736,286.840999737,286.840999737,,0,0.623567391,0.623567391,0.0021691973978912772685125972747465170162430690872621,False,False,913,0,913,883,883,0,False,279.106738309,288.589413449,288.589413449,279.106738309,279.106738309,279.106738309,,0,9.48267514,9.48267514,0.032858707555035777794762470271740879309347169953539,False,False,920,0,920,459,914,455,False,297.939343082,299.89518122,299.89518122,149.621617587,297.939343082,297.939343082,,0,1.955838138,1.955838138,0.0065217391291299788894954088785808467082777623031525,False,False,924,0,924,630,630,0,False,210.844364309,309.238400987,309.238400987,210.844364309,210.844364309,210.844364309,,0,98.394036678,98.394036678,0.31818181818284710260281358890429839163395453946627,False,False,639,292,931,639,639,0,False,247.88862993,247.88862993,361.16481137,247.88862993,247.88862993,247.88862993,,0,0,0,0,False,False,639,292,931,639,639,0,False,231.511192089,231.511192089,337.30347392,231.511192089,231.511192089,231.511192089,,0,0,0,0,False,False,3570,292,3862,4401,0,0,True,0,1443.264299005,1561.312807495,1443.264299005,1443.264299005,0,excluded:failed_confirmation_poc,0,1443.264299005,1443.264299005,1,True,True,3588,0,3588,4221,3588,0,False,1524.091461218,1524.091461218,1524.091461218,1524.091461218,1524.091461218,1524.091461218,,0,0,0,0,False,False,15032,0,15032,13840,13840,0,False,4816.038604189,5230.830368365,5230.830368365,4816.038604189,4816.038604189,4816.038604189,,0,414.791764176,414.791764176,0.079297498669537511751636830791346464240982731205257,False,False,81307,0,81307,80147,80147,0,False,22326.423824252,22649.563201099,22649.563201099,22326.423824252,22326.423824252,22326.423824252,,0,323.139376847,323.139376847,0.014266914287835831694876500795712065900922647354846,False,False,86929,0,86929,82612,82612,0,False,19947.808336544,20990.207607701,20990.207607701,19947.808336544,19947.808336544,19947.808336544,,0,1042.399271157,1042.399271157,0.049661217775404896991662287716830810300927463426925,False,False
gonka168rtjfkszuhcggg4dfyse4yh7xn9zwfglnkns2,3238.980236042,3238.980236042,1,1,26496,0,26496,25348,25798,450,False,8043.395773077,8261.020792443,8261.020792443,7903.093110162,8043.395773077,8043.395773077,,0,217.625019366,217.625019366,0.026343599033799621700313808820003389079079138896564,False,False,22670,0,22670,21760,22210,450,False,7020.340495859,7165.741514683,7165.741514683,6878.100368748,7020.340495859,7020.340495859,,0,145.401018824,145.401018824,0.020291133656728376891387617332240580365718126796810,False,False,18156,0,18156,16635,17083,448,False,5568.597153036,5918.366206786,5918.366206786,5422.561238703,5568.597153036,5568.597153036,,0,349.76905375,349.76905375,0.059098920467096937278108979405625908338254328705886,False,False,13222,0,13222,12218,12218,448,False,4089.041973227,4425.054261745,4425.054261745,4089.041973227,4238.975743402,4089.041973227,,0,336.012288518,336.012288518,0.075934049311633770554307072018306541472342326742625,False,False,8381,288,8669,8381,8381,0,False,3251.259166589,3251.259166589,3362.983619516,3251.259166589,3251.259166589,3251.259166589,,0,0,0,0,False,False,3862,288,4150,3862,3862,0,False,1399.211617917,1399.211617917,1503.554690408,1399.211617917,1399.211617917,1399.211617917,,0,0,0,0,False,False,1073,288,1361,1069,0,0,False,0,433.787841129,550.219246763,432.170738273,432.170738273,0,downtime_punishment(22.61%),0,433.787841129,433.787841129,1,True,True,465,0,465,448,448,0,False,190.299045324,197.520214455,197.520214455,190.299045324,190.299045324,190.299045324,,0,7.221169131,7.221169131,0.036559139786906019638869776965279368727283209753338,False,False,444,0,444,467,444,0,False,154.502972562,154.502972562,154.502972562,154.502972562,154.502972562,154.502972562,,0,0,0,0,False,False,29113,0,29113,29113,29113,0,False,8109.962653567,8109.962653567,8109.962653567,8109.962653567,8109.962653567,8109.962653567,,0,0,0,0,False,False,29698,0,29698,22454,22454,0,False,5421.828407359,7170.992252683,7170.992252683,5421.828407359,5421.828407359,5421.828407359,,0,1749.163845324,1749.163845324,0.24392214963968994284113357999476831185726586432818,False,False
gonka1r5hdy9q5v783ef7td98k4c68cxl6a58h5sytfq,3132.891290507,3132.891290507,2,2,6799,0,6799,6480,6480,0,False,2020.358345978,2119.8173448,2119.8173448,2020.358345978,2020.358345978,2020.358345978,,0,99.458998822,99.458998822,0.046918664509457409360848248872201604603079762478600,False,False,6399,0,6399,0,6399,6399,False,2022.654607519,2022.654607519,2022.654607519,0,2022.654607519,2022.654607519,,0,0,0,0,False,False,6399,0,6399,0,6399,6399,False,2085.901374599,2085.901374599,2085.901374599,0,2085.901374599,2085.901374599,,0,0,0,0,False,False,6399,0,6399,0,0,6399,False,0,2141.576328914,2141.576328914,0,2141.576328914,0,zero_confirmation_weight,0,2141.576328914,2141.576328914,1,True,True,2299,4100,6399,0,0,0,True,0,891.855962771,2482.377688462,0,0,0,excluded:failed_confirmation_poc,0,891.855962771,891.855962771,1,True,True,,,,,,,,,,,,,,,,,,,,,,,,,,,,,,,,,,,,,,,,,,,,,,,,,,,,,,,,,,,,,,,,,,,,,,,,,,,,,,,,,,,,,,,,,,,,,,,,,,,,,,,,,,,,,,,,,,,,,,,,
gonka1pllyukkeymx3hfd9mts3pryr9y6efs9eshty87,2990.868415075,2990.868415075,0,0,8528,0,8528,8357,8357,0,False,2605.576342181,2658.891354089,2658.891354089,2605.576342181,2605.576342181,2605.576342181,,0,53.315011908,53.315011908,0.020051594746813941487408950823802860572497670173344,False,False,8677,0,8677,6197,8322,2125,False,2630.49408404,2742.705739872,2742.705739872,1958.804594904,2630.49408404,2630.49408404,,0,112.211655832,112.211655832,0.040912757865609320891565273449320288731197608153762,False,False,8867,0,8867,6323,8448,2125,False,2753.820098861,2890.402795526,2890.402795526,2061.127424846,2753.820098861,2753.820098861,,0,136.582696665,136.582696665,0.047253862636866315462100955402284994489288159195346,False,False,8734,0,8734,5212,5212,2125,False,1744.318772668,2923.039171236,2923.039171236,1744.318772668,2455.500160219,1744.318772668,,0,1178.720398568,1178.720398568,0.40325166017860135210546929783278954413692380435900,False,False,5117,1362,6479,5117,5117,0,False,1985.048700088,1985.048700088,2513.41225872,1985.048700088,1985.048700088,1985.048700088,,0,0,0,0,False,False,7055,1362,8417,7055,7055,0,False,2556.042973694,2556.042973694,3049.498754016,2556.042973694,2556.042973694,2556.042973694,,0,0,0,0,False,False,6079,1362,7441,7151,6079,0,False,2457.592065449,2457.592065449,3008.215587927,2457.592065449,2457.592065449,2457.592065449,,0,0,0,0,False,False,7297,0,7297,6446,5479,0,False,2327.340333337,3099.58065566,3099.58065566,2738.097424474,2738.097424474,2327.340333337,,0,772.240322323,772.240322323,0.24914348362345334769439022406135853629513098314430,False,False,6495,0,6495,7641,6495,0,False,2260.127943223,2260.127943223,2260.127943223,2260.127943223,2260.127943223,2260.127943223,,0,0,0,0,False,False,6562,0,6562,6621,5628,0,False,1567.783114563,1827.96602661,1827.96602661,1827.96602661,1827.96602661,1567.783114563,,0,260.182912047,260.182912047,0.14233465406877089356695174974994826990976666836315,False,False,5695,0,5695,4373,3717,0,False,897.520984686,1375.136402418,1375.136402418,1055.921244561,1055.921244561,897.520984686,,0,477.615417732,477.615417732,0.34732221246719590162424637284895685289926317832150,False,False
gonka1tja3g2da45efhe2p83gk3whtussmgmtsdlgprt,2763.941100035,2763.941100035,0,0,21457,0,21457,21176,21176,0,False,6602.331533091,6689.942751489,6689.942751489,6602.331533091,6602.331533091,6602.331533091,,0,87.611218398,87.611218398,0.013095959360564052138132292143504668556142957803324,False,False,21857,0,21857,21021,21021,0,False,6644.510471114,6908.761018369,6908.761018369,6644.510471114,6644.510471114,6644.510471114,,0,264.250547255,264.250547255,0.038248616004000018617306874274372789340092417817296,False,False,21857,0,21857,20976,20976,0,False,6837.610131832,7124.792365153,7124.792365153,6837.610131832,6837.610131832,6837.610131832,,0,287.182233321,287.182233321,0.040307452989871510408928198837052563787650948301072,False,False,20980,0,20980,19686,19686,0,False,6588.384374279,7021.452005099,7021.452005099,6588.384374279,6588.384374279,6588.384374279,,0,433.06763082,433.06763082,0.061677788369913367933272453747208377746224638703220,False,False,21965,0,21965,21594,21594,0,False,8377.006376725,8520.929196293,8520.929196293,8377.006376725,8377.006376725,8377.006376725,,0,143.922819568,143.922819568,0.016890507625695694287479109522900983498536045321099,False,False,21763,0,21763,21716,21716,0,False,7867.757507688,7884.785717435,7884.785717435,7867.757507688,7867.757507688,7867.757507688,,0,17.028209747,17.028209747,0.0021596287276833501172822985798058055352202889285164,False,False,21702,0,21702,21702,21702,0,False,8773.591545383,8773.591545383,8773.591545383,8773.591545383,8773.591545383,8773.591545383,,0,0,0,0,False,False,22182,0,22182,18994,18994,0,False,8068.16979219,9422.351391511,9422.351391511,8068.16979219,8068.16979219,8068.16979219,,0,1354.181599321,1354.181599321,0.14372013344153564605807379455058197489215806416003,False,False,18150,0,18150,18681,17747,0,False,6175.595166802,6315.830972979,6315.830972979,6315.830972979,6315.830972979,6175.595166802,,0,140.235806177,140.235806177,0.022203856749328855256515729741076278534625470865847,False,False,17695,0,17695,18626,17695,0,False,4929.268339053,4929.268339053,4929.268339053,4929.268339053,4929.268339053,4929.268339053,,0,0,0,0,False,False,20492,0,20492,21412,20341,0,False,4911.615375171,4948.076410599,4948.076410599,4948.076410599,4948.076410599,4911.615375171,,0,36.461035428,36.461035428,0.0073687292601017313661894447001178226802341203567913,False,False
gonka19cjm4c5mt3j3qdr8vhytmm4hef3pnkvkm0x7m2,2733.133016046,2733.133016046,4,4,3685,0,3685,143,0,0,True,0,1148.922917427,1148.922917427,44.585068437,44.585068437,0,excluded:failed_confirmation_poc,0,1148.922917427,1148.922917427,1,True,True,,,,,,,,,,,,,,,,,,,,,,,,,,,,,,,,,,,,,,,,,1530,0,1530,0,0,0,True,0,512.050599037,512.050599037,0,0,0,excluded:failed_confirmation_poc,0,512.050599037,512.050599037,1,True,True,,,,,,,,,,,,,,,,,,,,,1995,0,1995,0,0,0,True,0,722.793158401,722.793158401,0,0,0,excluded:failed_confirmation_poc,0,722.793158401,722.793158401,1,True,True,,,,,,,,,,,,,,,,,,,,,1656,0,1656,1941,1650,0,False,700.878180326,703.426828254,703.426828254,703.426828254,703.426828254,700.878180326,,0,2.548647928,2.548647928,0.0036231884051481046797555202306587286736420620523943,False,False,,,,,,,,,,,,,,,,,,,,,1245,0,1245,0,0,0,True,0,346.817693253,346.817693253,0,0,0,excluded:failed_confirmation_poc,0,346.817693253,346.817693253,1,True,True,,,,,,,,,,,,,,,,,,,,
gonka1uzk2scggfzghr9a5j92l00gzw4jx4adc66977y,2697.276443776,2697.276443776,0,0,15903,0,15903,15903,15903,0,False,4958.296107421,4958.296107421,4958.296107421,4958.296107421,4958.296107421,4958.296107421,,0,0,0,0,False,False,15966,0,15966,15697,15697,0,False,4961.651722805,5046.6797099,5046.6797099,4961.651722805,4961.651722805,4961.651722805,,0,85.027987095,85.027987095,0.016848302643062884263028907064582248019551497315441,False,False,16614,0,16614,13166,13166,0,False,4291.760821687,5415.715805218,5415.715805218,4291.760821687,4291.760821687,4291.760821687,,0,1123.954983531,1123.954983531,0.20753581316953118678815942803708128563587288896364,False,False,16113,0,16113,11666,11666,3082,False,3904.30214926,5392.59562241,5392.59562241,3904.30214926,4935.766166406,3904.30214926,,0,1488.29347315,1488.29347315,0.27598833240250788893938166045094443746056818288185,False,False,0,0,0,0,0,0,False,0,0,0,0,0,0,zero_weight,0,0,0,0,False,False,,,,,,,,,,,,,,,,,,,,,,,,,,,,,,,,,,,,,,,,,,,,,,,,,,,,,,,,,,,,,,,,,,,,,,,,,,,,,,,,,,,,,,,,,,,,,,,,,,,,,,,,,,,,,,,,,,,,,,,,
gonka1myu058axjs62mc3e7na9krwvqpfl9z3gtcw9es,2692.732493928,2692.732493928,0,0,19933,0,19933,19603,19603,0,False,6111.895780278,6214.784399749,6214.784399749,6111.895780278,6111.895780278,6111.895780278,,0,102.888619471,102.888619471,0.016555460793644815845776540337793522109115510756799,False,False,21083,0,21083,19104,19104,0,False,6038.567529621,6664.107999738,6664.107999738,6038.567529621,6038.567529621,6038.567529621,,0,625.540470117,625.540470117,0.093867096712957409954759863046659370484125520634846,False,False,20386,0,20386,19935,19935,0,False,6498.27221482,6645.286048223,6645.286048223,6498.27221482,6498.27221482,6498.27221482,,0,147.013833403,147.013833403,0.022123025605844704984759240086875894474757556069636,False,False,19919,0,19919,19176,19176,0,False,6417.700841267,6666.363321714,6666.363321714,6417.700841267,6417.700841267,6417.700841267,,0,248.662480447,248.662480447,0.037301069330716581340956943160067639311270551365701,False,False,21084,0,21084,20039,20039,0,False,7773.771917347,8179.160991334,8179.160991334,7773.771917347,7773.771917347,7773.771917347,,0,405.389073987,405.389073987,0.049563650161247417956116785573447944572737948020261,False,False,20936,0,20936,20469,20469,0,False,7415.966495896,7585.161686359,7585.161686359,7415.966495896,7415.966495896,7415.966495896,,0,169.195190463,169.195190463,0.022306075659175094193022603577063009137262888890214,False,False,17809,0,17809,20554,17471,0,False,7063.100999419,7199.746190753,7199.746190753,7199.746190753,7199.746190753,7063.100999419,,0,136.645191334,136.645191334,0.018979167836430173744661973864702240799391181410252,False,False,17597,0,17597,20243,17206,0,False,7308.672709509,7474.759599514,7474.759599514,7474.759599514,7474.759599514,7308.672709509,,0,166.086890005,166.086890005,0.022219696539243719960983420510411858913570968012402,False,False,17624,0,17624,20375,17318,0,False,6026.311889259,6132.793667647,6132.793667647,6132.793667647,6132.793667647,6026.311889259,,0,106.481778388,106.481778388,0.017362687244760087140991404826236845427107822019713,False,False,14439,0,14439,16083,13671,0,False,3808.308983509,4022.249536456,4022.249536456,4022.249536456,4022.249536456,3808.308983509,,0,213.940552947,213.940552947,0.053189279036005012484531669371557746825623517816354,False,False,14058,0,14058,14732,12522,0,False,3023.609838645,3394.498252011,3394.498252011,3394.498252011,3394.498252011,3023.609838645,,0,370.888413366,370.888413366,0.10926163038860746541510527720856043674012351065894,False,False
gonka1f0u3y2wneer8zhz3ypw4x54h38cpa0qsy8ts3e,2553.100918303,2553.100918303,4,4,3645,0,3645,185,0,0,True,0,1136.451569612,1136.451569612,57.679983642,57.679983642,0,excluded:failed_confirmation_poc,0,1136.451569612,1136.451569612,1,True,True,,,,,,,,,,,,,,,,,,,,,,,,,,,,,,,,,,,,,,,,,1550,0,1550,0,0,0,True,0,518.74407092,518.74407092,0,0,0,excluded:failed_confirmation_poc,0,518.74407092,518.74407092,1,True,True,,,,,,,,,,,,,,,,,,,,,1508,0,1508,0,0,0,True,0,546.351921237,546.351921237,0,0,0,excluded:failed_confirmation_poc,0,546.351921237,546.351921237,1,True,True,,,,,,,,,,,,,,,,,,,,,1705,0,1705,2005,1705,0,False,724.240786336,724.240786336,724.240786336,724.240786336,724.240786336,724.240786336,,0,0,0,0,False,False,,,,,,,,,,,,,,,,,,,,,1262,0,1262,0,0,0,True,0,351.553356534,351.553356534,0,0,0,excluded:failed_confirmation_poc,0,351.553356534,351.553356534,1,True,True,7807,0,7807,7807,7807,0,False,1885.107970796,1885.107970796,1885.107970796,1885.107970796,1885.107970796,1885.107970796,,0,0,0,0,False,False
gonka1rcpc45n6zch9qlkn4m3cwngekad89xu8mcr09v,2469.894987452,2469.894987452,1,2,4870,0,4870,4635,4635,0,False,1445.117428025,1518.386596437,1518.386596437,1445.117428025,1445.117428025,1445.117428025,,0,73.269168412,73.269168412,0.048254620123709739996900528237641574359729550724247,False,False,4586,0,4586,0,0,0,True,0,1449.584939847,1449.584939847,0,0,0,excluded:failed_confirmation_poc,0,1449.584939847,1449.584939847,1,True,True,4738,0,4738,4684,4684,0,False,1526.857640041,1544.460183286,1544.460183286,1526.857640041,1526.857640041,1526.857640041,,0,17.602543245,17.602543245,0.011397214013992095769035607834802832310534476212643,False,False,4930,0,4930,2291,2291,2460,False,766.737204179,1649.94081912,1649.94081912,766.737204179,1590.034245768,766.737204179,,0,883.203614941,883.203614941,0.53529411764723708304251096295527111536075492787521,False,True,4895,0,4895,4895,4895,0,False,1898.927767623,1898.927767623,1898.927767623,1898.927767623,1898.927767623,1898.927767623,,0,0,0,0,False,False,4895,0,4895,4878,4878,0,False,1767.310790316,1773.469930011,1773.469930011,1767.310790316,1767.310790316,1767.310790316,,0,6.159139695,6.159139695,0.0034729315624549651951600867474833582578858176970405,False,False,4161,0,4161,4885,4152,0,False,1678.552764557,1682.191245983,1682.191245983,1682.191245983,1682.191245983,1678.552764557,,0,3.638481426,3.638481426,0.0021629416005394965699453957577479105059388202752548,False,False,4161,0,4161,4867,4137,0,False,1757.292746672,1767.487338386,1767.487338386,1767.487338386,1767.487338386,1757.292746672,,0,10.194591714,10.194591714,0.0057678442682985783926655483290546199912776499241698,False,False,4139,0,4139,4869,4139,0,False,1440.287845573,1440.287845573,1440.287845573,1440.287845573,1440.287845573,1440.287845573,,0,0,0,0,False,False,4139,0,4139,4795,4076,0,False,1135.444913816,1152.9947248,1152.9947248,1152.9947248,1152.9947248,1135.444913816,,0,17.549810984,17.549810984,0.015221067890873666900925963369160420637511662620575,False,False,4174,0,4174,4868,4138,0,False,999.177249027,1007.869946215,1007.869946215,1007.869946215,1007.869946215,999.177249027,,0,8.692697188,8.692697188,0.0086248203159990481867788571203635689312654955183850,False,False
gonka1xwkesaxvdadh9wt9yyladu0r260s7whklcktds,2467.334032675,2467.334032675,5,5,,,,,,,,,,,,,,,,,,,,,1336,0,1336,0,0,0,True,0,422.295132934,422.295132934,0,0,0,excluded:failed_confirmation_poc,0,422.295132934,422.295132934,1,True,True,1336,0,1336,0,0,0,True,0,435.499958816,435.499958816,0,0,0,excluded:failed_confirmation_poc,0,435.499958816,435.499958816,1,True,True,1530,0,1530,0,0,0,True,0,512.050599037,512.050599037,0,0,0,excluded:failed_confirmation_poc,0,512.050599037,512.050599037,1,True,True,13200,0,13200,13200,13200,0,False,5120.704092468,5120.704092468,5120.704092468,5120.704092468,5120.704092468,5120.704092468,,0,0,0,0,False,False,,,,,,,,,,,,,,,,,,,,,1591,0,1591,0,0,0,True,0,643.202660985,643.202660985,0,0,0,excluded:failed_confirmation_poc,0,643.202660985,643.202660985,1,True,True,10221,0,10221,11727,9968,0,False,4234.153758479,4341.621746129,4341.621746129,4341.621746129,4341.621746129,4234.153758479,,0,107.46798765,107.46798765,0.024752959592995107550418011732060289087782780491831,False,False,,,,,,,,,,,,,,,,,,,,,1245,0,1245,0,0,0,True,0,346.817693253,346.817693253,0,0,0,excluded:failed_confirmation_poc,0,346.817693253,346.817693253,1,True,True,,,,,,,,,,,,,,,,,,,,
gonka125n6kr5gvdup0lndfkps7t6rd6592panhrg3np,2430.879234237,2430.879234237,4,4,3102,0,3102,0,3102,3102,False,967.153023028,967.153023028,967.153023028,0,967.153023028,967.153023028,,0,0,0,0,False,False,3102,0,3102,0,3102,3102,False,980.508609552,980.508609552,980.508609552,0,980.508609552,980.508609552,,0,0,0,0,False,False,3102,0,3102,0,3102,3102,False,1011.16831755,1011.16831755,1011.16831755,0,1011.16831755,1011.16831755,,0,0,0,0,False,False,3102,0,3102,0,0,3102,False,0,1038.157489028,1038.157489028,0,1038.157489028,0,zero_confirmation_weight,0,1038.157489028,1038.157489028,1,True,True,1382,0,1382,0,0,0,True,0,536.122201196,536.122201196,0,0,0,excluded:failed_confirmation_poc,0,536.122201196,536.122201196,1,True,True,1374,0,1374,0,0,0,True,0,497.803408342,497.803408342,0,0,0,excluded:failed_confirmation_poc,0,497.803408342,497.803408342,1,True,True,,,,,,,,,,,,,,,,,,,,,1697,0,1697,1996,1697,0,False,720.842589099,720.842589099,720.842589099,720.842589099,720.842589099,720.842589099,,0,0,0,0,False,False,,,,,,,,,,,,,,,,,,,,,1288,0,1288,0,0,0,True,0,358.796135671,358.796135671,0,0,0,excluded:failed_confirmation_poc,0,358.796135671,358.796135671,1,True,True,,,,,,,,,,,,,,,,,,,,
gonka12pcu9mcrpa4w4sjd9y3dsksnvu495ss6f9r4ra,2341.501414498,2341.501414498,0,0,12224,0,12224,11762,11762,0,False,3667.199824906,3811.243892165,3811.243892165,3667.199824906,3667.199824906,3667.199824906,,0,144.044067259,144.044067259,0.037794502617667666981225255827342847149517564965199,False,False,12230,0,12230,11727,11727,0,False,3706.777712514,3865.770565707,3865.770565707,3706.777712514,3706.777712514,3706.777712514,,0,158.992853193,158.992853193,0.041128372853633707667408080820529111473506684478630,False,False,12239,0,12239,11752,11752,0,False,3830.834967071,3989.583829304,3989.583829304,3830.834967071,3830.834967071,3830.834967071,,0,158.748862233,158.748862233,0.039790832584333594383626770838151364901474786148666,False,False,12046,0,12046,7124,7124,4807,False,2384.214684667,4031.478115034,4031.478115034,2384.214684667,3992.990651708,2384.214684667,,0,1647.263430367,1647.263430367,0.40860036526655127026056974063745863316396209842067,False,False,10663,1540,12203,10521,10521,0,False,4081.433920974,4136.520283181,4733.935760636,4081.433920974,4081.433920974,4081.433920974,,0,55.086362207,55.086362207,0.013317077745509898888138174832502565624508273593775,False,False,10617,1540,12157,10593,10593,0,False,3837.868635059,3846.5638911,4404.509487059,3837.868635059,3837.868635059,3837.868635059,,0,8.695256041,8.695256041,0.0022605255722174997775900065043898160353112456325684,False,False,11045,0,11045,12994,11045,0,False,4465.225261209,4465.225261209,4465.225261209,4465.225261209,4465.225261209,4465.225261209,,0,0,0,0,False,False,13663,0,13663,13502,13502,0,False,5735.307388341,5803.696107755,5803.696107755,5735.307388341,5735.307388341,5735.307388341,,0,68.388719414,68.388719414,0.011783649271817971291958521506813850179829125073490,False,False,12886,0,12886,13552,12874,0,False,4479.890244966,4484.066000981,4484.066000981,4484.066000981,4484.066000981,4479.890244966,,0,4.175756015,4.175756015,0.00093124320964197458541895300642408187138591976214677,False,False,12902,0,12902,13218,12557,0,False,3497.983754365,3594.089862134,3594.089862134,3594.089862134,3594.089862134,3497.983754365,,0,96.106107769,96.106107769,0.026740040303816097127759751874807239655149120444059,False,False,12806,0,12806,13479,12806,0,False,3092.185560908,3092.185560908,3092.185560908,3092.185560908,3092.185560908,3092.185560908,,0,0,0,0,False,False
gonka1pvkv59e72vju2h7s9j3ex62c5xneqey350vpwn,2322.920689566,2322.920689566,3,3,616,0,616,603,603,0,False,188.005568306,192.058756346,192.058756346,188.005568306,188.005568306,188.005568306,,0,4.05318804,4.05318804,0.021103896105096358885281230425613577715445069895465,False,False,587,0,587,0,0,587,False,0,185.544343587,185.544343587,0,185.544343587,0,zero_confirmation_weight,0,185.544343587,185.544343587,1,True,True,587,0,587,0,0,0,True,0,191.346164539,191.346164539,0,0,0,excluded:failed_confirmation_poc,0,191.346164539,191.346164539,1,True,True,,,,,,,,,,,,,,,,,,,,,,,,,,,,,,,,,,,,,,,,,,,,,,,,,,,,,,,,,,,,,,,,,,,,,,,,,,,,,,,,,,,,,,,,,,,,,,,,,,,,,,,,,,,,,,,,,,,,,,,,,6921,0,6921,0,0,0,True,0,1927.972092375,1927.972092375,0,0,0,excluded:failed_confirmation_poc,0,1927.972092375,1927.972092375,1,True,True,6744,0,6744,7866,6686,0,False,1614.427038906,1628.431939931,1628.431939931,1628.431939931,1628.431939931,1614.427038906,,0,14.004901025,14.004901025,0.0086002372476146693426348614757837563919491036211464,False,False
gonka1tlvg4kjx7ljd5thgd5fkgh39q6lu8cmxupktgg,2258.287420909,2258.287420909,3,3,2127,0,2127,2074,2074,0,False,646.639384191,663.163920045,663.163920045,646.639384191,646.639384191,646.639384191,,0,16.524535854,16.524535854,0.024917724493936133313424038510562996652508877670301,False,False,2075,0,2075,1656,1656,0,False,523.443667768,655.885030567,655.885030567,523.443667768,523.443667768,523.443667768,,0,132.441362799,132.441362799,0.20192771084363213466186380202445423133401055187007,False,False,2065,0,2065,2001,2001,0,False,652.272019155,673.134292631,673.134292631,652.272019155,652.272019155,652.272019155,,0,20.862273476,20.862273476,0.030992736077162420861052362545029809941826867924160,False,False,1988,0,1988,0,0,1988,False,0,665.331105154,665.331105154,0,665.331105154,0,zero_confirmation_weight,0,665.331105154,665.331105154,1,True,True,2083,0,2083,2000,0,0,False,0,808.062623076,808.062623076,775.864256434,775.864256434,0,downtime_punishment(20.63%),0,808.062623076,808.062623076,1,True,True,1050,0,1050,1050,0,0,False,0,380.41745179,380.41745179,380.41745179,380.41745179,0,downtime_punishment(62.50%),0,380.41745179,380.41745179,1,True,True,1785,0,1785,2058,1749,0,False,707.078223798,721.632149502,721.632149502,721.632149502,721.632149502,707.078223798,,0,14.553925704,14.553925704,0.020168067226555382099903088139506724989282072652476,False,False,1616,0,1616,1901,1616,0,False,686.435842064,686.435842064,686.435842064,686.435842064,686.435842064,686.435842064,,0,0,0,0,False,False,1616,0,1616,1674,1423,0,False,495.175067468,562.335143379,562.335143379,562.335143379,562.335143379,495.175067468,,0,67.160075911,67.160075911,0.11943069306933884323626663043795387880286806107317,False,False,1755,0,1755,1419,1206,0,False,335.953524549,488.887591694,488.887591694,395.28859978,395.28859978,335.953524549,,0,152.934067145,152.934067145,0.31282051281989393775182485087913297740028282633217,False,False,1456,0,1456,1712,1456,0,False,351.571308502,351.571308502,351.571308502,351.571308502,351.571308502,351.571308502,,0,0,0,0,False,False
gonka12gc47yq8m7rnsa3aucq8mlzm7men8jaac7qkkz,2069.805851711,2069.805851711,2,2,3133,0,3133,0,3133,3133,False,976.818317584,976.818317584,976.818317584,0,976.818317584,976.818317584,,0,0,0,0,False,False,3133,0,3133,0,3133,3133,False,990.307373864,990.307373864,990.307373864,0,990.307373864,990.307373864,,0,0,0,0,False,False,3133,0,3133,0,0,3133,False,0,1021.273481265,1021.273481265,0,1021.273481265,0,zero_confirmation_weight,0,1021.273481265,1021.273481265,1,True,True,3133,0,3133,0,0,0,True,0,1048.532370446,1048.532370446,0,0,0,excluded:failed_confirmation_poc,0,1048.532370446,1048.532370446,1,True,True,,,,,,,,,,,,,,,,,,,,,,,,,,,,,,,,,,,,,,,,,,,,,,,,,,,,,,,,,,,,,,,,,,,,,,,,,,,,,,,,,,,,,,,,,,,,,,,,,,,,,,,,,,,,,,,,,,,,,,,,,,,,,,,,,,,,,,,,,,,,
gonka1fvly5jrewyjmjfgwah3khy9rttq4cqajcesv9p,1957.561745592,1957.561745592,5,5,,,,,,,,,,,,,,,,,,,,,,,,,,,,,,,,,,,,,,,,,,,,,,,,,,,,,,,,,,,,,,,,,,,,,,,,,,,,,,,,,,,,,,,,,,,,,,,,,,,,,,,,,,,,,,,,,,,,,,,,,1079,0,1079,0,0,0,True,0,436.213495413,436.213495413,0,0,0,excluded:failed_confirmation_poc,0,436.213495413,436.213495413,1,True,True,1075,0,1075,0,0,0,True,0,456.632753848,456.632753848,0,0,0,excluded:failed_confirmation_poc,0,456.632753848,456.632753848,1,True,True,1351,0,1351,0,0,0,True,0,470.120531377,470.120531377,0,0,0,excluded:failed_confirmation_poc,0,470.120531377,470.120531377,1,True,True,1285,0,1285,0,0,0,True,0,357.960430386,357.960430386,0,0,0,excluded:failed_confirmation_poc,0,357.960430386,357.960430386,1,True,True,980,0,980,0,0,0,True,0,236.634534568,236.634534568,0,0,0,excluded:failed_confirmation_poc,0,236.634534568,236.634534568,1,True,True
gonka12tfc6ccmadjqv6yaa3axxsuhy6zv6tupu78p8u,1934.955124399,1934.955124399,3,3,3214,0,3214,0,0,0,True,0,1002.072796909,1002.072796909,0,0,0,excluded:failed_confirmation_poc,0,1002.072796909,1002.072796909,1,True,True,,,,,,,,,,,,,,,,,,,,,,,,,,,,,,,,,,,,,,,,,,,,,,,,,,,,,,,,,,,,,,,,,,,,,,,,,,,,,,,,,2004,0,2004,0,0,0,True,0,726.053879416,726.053879416,0,0,0,excluded:failed_confirmation_poc,0,726.053879416,726.053879416,1,True,True,,,,,,,,,,,,,,,,,,,,,1697,0,1697,1951,1658,0,False,704.276377564,720.842589099,720.842589099,720.842589099,720.842589099,704.276377564,,0,16.566211535,16.566211535,0.022981732469090846802837846983149122933784142476015,False,False,,,,,,,,,,,,,,,,,,,,,683,0,683,0,0,0,True,0,190.262236539,190.262236539,0,0,0,excluded:failed_confirmation_poc,0,190.262236539,190.262236539,1,True,True,7728,0,7728,7728,7728,0,False,1866.032329744,1866.032329744,1866.032329744,1866.032329744,1866.032329744,1866.032329744,,0,0,0,0,False,False
gonka18xeqnspxpg2vncufnjne485rkaagwvz7whyn0d,1929.241307983,1929.241307983,4,4,,,,,,,,,,,,,,,,,,,,,,,,,,,,,,,,,,,,,,,,,,,,,,,,,,,,,,,,,,,,,1481,0,1481,0,0,0,True,0,495.651592924,495.651592924,0,0,0,excluded:failed_confirmation_poc,0,495.651592924,495.651592924,1,True,True,1597,0,1597,1528,1528,0,False,592.760291916,619.527608763,619.527608763,592.760291916,592.760291916,592.760291916,,0,26.767316847,26.767316847,0.043206011271145503817670028011274307290269626753299,False,False,1498,0,1498,176,0,0,True,0,542.728897887,542.728897887,63.765210966,63.765210966,0,excluded:failed_confirmation_poc,0,542.728897887,542.728897887,1,True,True,1274,0,1274,0,0,0,True,0,515.047259645,515.047259645,0,0,0,excluded:failed_confirmation_poc,0,515.047259645,515.047259645,1,True,True,1649,0,1649,1939,1649,0,False,700.453405671,700.453405671,700.453405671,700.453405671,700.453405671,700.453405671,,0,0,0,0,False,False,,,,,,,,,,,,,,,,,,,,,1253,0,1253,0,0,0,True,0,349.04624068,349.04624068,0,0,0,excluded:failed_confirmation_poc,0,349.04624068,349.04624068,1,True,True,7842,0,7842,7842,7842,0,False,1893.559204173,1893.559204173,1893.559204173,1893.559204173,1893.559204173,1893.559204173,,0,0,0,0,False,False
gonka1wvv656pt2d8x2khcvytqeessck5uzjnxzsa8f6,1858.058017345,1858.058017345,0,0,5496,0,5496,2754,2754,0,False,858.65229704,1713.563189736,1713.563189736,858.65229704,858.65229704,858.65229704,,0,854.910892696,854.910892696,0.49890829694334866658348563613696685906293263150256,False,False,2703,0,2703,2598,2598,0,False,821.199667187,854.38903018,854.38903018,821.199667187,821.199667187,821.199667187,,0,33.189362993,33.189362993,0.038845726970543815555897426726017845979736874341244,False,False,8100,0,8100,7878,7878,0,False,2568.015475714,2640.381486834,2640.381486834,2568.015475714,2568.015475714,2568.015475714,,0,72.36601112,72.36601112,0.027407407407166701449300713280066986927973078850043,False,False,8061,0,8061,6249,6249,0,False,2091.375289793,2697.803842378,2697.803842378,2091.375289793,2091.375289793,2091.375289793,,0,606.428552585,606.428552585,0.22478600669886320425361367277352036319459333867775,False,False,8315,0,8315,8120,8120,0,False,3150.008881124,3225.655646127,3225.655646127,3150.008881124,3150.008881124,3150.008881124,,0,75.646765003,75.646765003,0.023451593505905697543497169819092294836041924654912,False,False,5537,0,5537,5391,5391,0,False,1953.17188819,2006.068029106,2006.068029106,1953.17188819,1953.17188819,1953.17188819,,0,52.896140916,52.896140916,0.026368069351851967852035236940453859794957078627434,False,False,8306,0,8306,8231,8231,0,False,3327.593401992,3357.914080543,3357.914080543,3327.593401992,3327.593401992,3327.593401992,,0,30.320678551,30.320678551,0.0090296171443722341730095359807585731801833639421651,False,False,5540,0,5540,5450,5450,0,False,2315.021868349,2353.251587276,2353.251587276,2315.021868349,2315.021868349,2315.021868349,,0,38.229718927,38.229718927,0.016245487364677700092994330050921820500591285712723,False,False,5256,0,5256,5532,5256,0,False,1828.981134654,1828.981134654,1828.981134654,1828.981134654,1828.981134654,1828.981134654,,0,0,0,0,False,False,5256,0,5256,5337,5070,0,False,1412.341931562,1464.155659229,1464.155659229,1464.155659229,1464.155659229,1412.341931562,,0,51.813727667,51.813727667,0.035388127854031754093317156186759218907087623304591,False,False,5244,0,5244,5335,5069,0,False,1223.980056867,1266.236223754,1266.236223754,1266.236223754,1266.236223754,1223.980056867,,0,42.256166887,42.256166887,0.033371472158428301409084757116089936035946262950098,False,False
gonka1ym3np7guxart483yfdxnlztuazx22cjt0e4a2p,1853.633902897,1853.633902897,0,0,11301,0,11301,10997,10997,0,False,3428.68529795,3523.467541342,3523.467541342,3428.68529795,3428.68529795,3428.68529795,,0,94.782243392,94.782243392,0.026900274312133958774348813023214027657211445428563,False,False,11571,0,11571,9083,9083,0,False,2871.037943443,3657.467801782,3657.467801782,2871.037943443,2871.037943443,2871.037943443,,0,786.429858339,786.429858339,0.21502030939433938657212162281469142890177184162689,False,False,11470,0,11470,11071,11071,0,False,3608.847338363,3738.910574567,3738.910574567,3608.847338363,3608.847338363,3608.847338363,,0,130.063236204,130.063236204,0.034786399302706647617019291352847975818673644937198,False,False,11051,0,11051,8931,8931,732,False,2988.969869282,3698.477888863,3698.477888863,2988.969869282,3233.950940194,2988.969869282,,0,709.508019581,709.508019581,0.19183784272916651860343075665976220566838365710629,False,False,7941,0,7941,7818,7818,0,False,3032.853378403,3080.569030173,3080.569030173,3032.853378403,3032.853378403,3032.853378403,,0,47.71565177,47.71565177,0.015489233093835382314015693022686553823815863716737,False,False,6991,0,6991,6973,6973,0,False,2526.334182221,2532.855624251,2532.855624251,2526.334182221,2526.334182221,2526.334182221,,0,6.52144203,6.52144203,0.0025747389498082740003810510227109400347327313952270,False,False,6998,0,6998,6998,6998,0,False,2829.121446622,2829.121446622,2829.121446622,2829.121446622,2829.121446622,2829.121446622,,0,0,0,0,False,False,7074,0,7074,6965,6965,0,False,2958.555470285,3004.855907652,3004.855907652,2958.555470285,2958.555470285,2958.555470285,,0,46.300437367,46.300437367,0.015408538309305902109046639162155868150344013805643,False,False,6651,0,6651,6997,6647,0,False,2313.020852749,2314.41277142,2314.41277142,2314.41277142,2314.41277142,2313.020852749,,0,1.391918671,1.391918671,0.00060141332098940721114109725560304521524208311137008,False,False,6565,0,6565,6794,6454,0,False,1797.880636352,1828.801731895,1828.801731895,1828.801731895,1828.801731895,1797.880636352,,0,30.921095543,30.921095543,0.016907844630571097734617612043105200462772771503801,False,False,6453,0,6453,6792,6453,0,False,1558.165970993,1558.165970993,1558.165970993,1558.165970993,1558.165970993,1558.165970993,,0,0,0,0,False,False
gonka1d7ghexkrnm00fh695zcd00xgfgwxe2vvamcsdt,1806.188771282,1806.188771282,5,5,,,,,,,,,,,,,,,,,,,,,,,,,,,,,,,,,,,,,,,,,,,,,,,,,,,,,,,,,,,,,,,,,,,,,,,,,,,,,,,,,,,,,,,,,,,,,,,,,,,,,,,,,,,,,,,,,,,,,,,,,1022,0,1022,0,0,0,True,0,413.169779715,413.169779715,0,0,0,excluded:failed_confirmation_poc,0,413.169779715,413.169779715,1,True,True,1107,0,1107,0,0,0,True,0,470.2255428,470.2255428,0,0,0,excluded:failed_confirmation_poc,0,470.2255428,470.2255428,1,True,True,1351,0,1351,0,0,0,True,0,470.120531377,470.120531377,0,0,0,excluded:failed_confirmation_poc,0,470.120531377,470.120531377,1,True,True,792,0,792,0,0,0,True,0,220.626195226,220.626195226,0,0,0,excluded:failed_confirmation_poc,0,220.626195226,220.626195226,1,True,True,961,0,961,0,0,0,True,0,232.046722164,232.046722164,0,0,0,excluded:failed_confirmation_poc,0,232.046722164,232.046722164,1,True,True
gonka1m27e6qup7q8jmvnrn29kahd7vlx6r4l84z4thz,1756.218010395,1756.218010395,3,3,2694,0,2694,371,0,0,True,0,839.945275318,839.945275318,115.671750981,115.671750981,0,excluded:failed_confirmation_poc,0,839.945275318,839.945275318,1,True,True,1002,0,1002,916,916,0,False,289.537680963,316.7213497,316.7213497,289.537680963,289.537680963,289.537680963,,0,27.183668737,27.183668737,0.085828343314236640486253901563239012680931373285317,False,False,2247,0,2247,2247,2247,0,False,732.461382829,732.461382829,732.461382829,732.461382829,732.461382829,732.461382829,,0,0,0,0,False,False,2544,0,2544,0,0,2544,True,0,851.409623497,851.409623497,0,851.409623497,0,excluded:failed_confirmation_poc,0,851.409623497,851.409623497,1,True,True,0,0,0,0,0,0,False,0,0,0,0,0,0,zero_weight,0,0,0,0,False,False,104,0,104,0,0,0,True,0,37.679442843,37.679442843,0,0,0,excluded:failed_confirmation_poc,0,37.679442843,37.679442843,1,True,True,,,,,,,,,,,,,,,,,,,,,,,,,,,,,,,,,,,,,,,,,,,,,,,,,,,,,,,,,,,,,,,,,,,,,,,,,,,,,,,,,,,,,,,,,,,,,,,,,,,,
gonka1lswsj2x7u4606wqpunmm07skgf76r3dyz4v0d8,1716.956739282,1716.956739282,2,2,2311,0,2311,1636,1636,0,False,510.07812562,720.532119993,720.532119993,510.07812562,510.07812562,510.07812562,,0,210.453994373,210.453994373,0.29208135006534416460220733692235045865610606396089,False,False,2350,0,2350,1376,1376,0,False,434.938699788,742.809552691,742.809552691,434.938699788,434.938699788,434.938699788,,0,307.870852903,307.870852903,0.41446808510696501273732567213743632708836180661008,False,False,2529,0,2529,0,2529,2529,False,824.385775333,824.385775333,824.385775333,0,824.385775333,824.385775333,,0,0,0,0,False,False,2529,0,2529,0,0,2529,False,0,846.389519585,846.389519585,0,846.389519585,0,zero_confirmation_weight,0,846.389519585,846.389519585,1,True,True,908,1621,2529,0,0,0,True,0,352.242372421,981.080352261,0,0,0,excluded:failed_confirmation_poc,0,352.242372421,352.242372421,1,True,True,,,,,,,,,,,,,,,,,,,,,,,,,,,,,,,,,,,,,,,,,,,,,,,,,,,,,,,,,,,,,,,,,,,,,,,,,,,,,,,,,,,,,,,,,,,,,,,,,,,,,,,,,,,,,,,,,,,,,,,,
gonka187tn9y92ur6tu0zf69u94hwl0q77m47y0k36hv,1714.533568077,1714.533568077,0,0,12680,0,12680,12387,12387,0,False,3862.06463451,3953.417257253,3953.417257253,3862.06463451,3862.06463451,3862.06463451,,0,91.352622743,91.352622743,0.023107255520626636540551090369068162879379507598359,False,False,13009,0,13009,10392,12551,2159,False,3967.235189713,4112.004030194,4112.004030194,3284.798668751,3967.235189713,3967.235189713,,0,144.768840481,144.768840481,0.035206395572080691579238638497547314935748207645231,False,False,13011,0,13011,10163,12322,2159,False,4016.639590219,4241.235003111,4241.235003111,3312.863833419,4016.639590219,4016.639590219,,0,224.595412892,224.595412892,0.052955191760715074366880260972248769076774590279047,False,False,12812,0,12812,10004,10004,0,False,3348.074635796,4287.838088147,4287.838088147,3348.074635796,3348.074635796,3348.074635796,,0,939.763452351,939.763452351,0.21916952856704557527607938456150407012977186411217,False,False,11611,1363,12974,11423,11423,0,False,4431.348700626,4504.279940731,5033.031431491,4431.348700626,4431.348700626,4431.348700626,,0,72.931240105,72.931240105,0.016191542502832091388713673332401783356745428297296,False,False,11573,1363,12936,11551,11551,0,False,4184.954272025,4192.924923396,4686.743006053,4184.954272025,4184.954272025,4184.954272025,,0,7.970651371,7.970651371,0.0019009764106494623589478501391847247594714084975400,False,False,9821,1363,11184,11553,9821,0,False,3970.391787264,3970.391787264,4521.419585456,3970.391787264,3970.391787264,3970.391787264,,0,0,0,0,False,False,11159,0,11159,12897,10962,0,False,4656.379765293,4740.060372278,4740.060372278,4740.060372278,4740.060372278,4656.379765293,,0,83.680606985,83.680606985,0.017653911640957515754572294426512612812229703313619,False,False,11015,0,11015,12694,10790,0,False,3754.700616994,3832.996042279,3832.996042279,3832.996042279,3832.996042279,3754.700616994,,0,78.295425285,78.295425285,0.020426690876113603157632560038792890501288126180158,False,False,10808,0,10808,12694,10790,0,False,3005.753341531,3010.76757324,3010.76757324,3010.76757324,3010.76757324,3005.753341531,,0,5.014231709,5.014231709,0.0016654330123543867718662144547921595842330010705825,False,False,10920,0,10920,12524,10646,0,False,2570.623729613,2636.784813768,2636.784813768,2636.784813768,2636.784813768,2570.623729613,,0,66.161084155,66.161084155,0.025091575091580926186738412729391315340463268140996,False,False
gonka10ux22dq9a5dn5t4v370vzkww874yc6pmudxjen,1594.623127241,1594.623127241,2,2,2247,0,2247,0,0,0,True,0,700.577963489,700.577963489,0,0,0,excluded:failed_confirmation_poc,0,700.577963489,700.577963489,1,True,True,435,0,435,425,425,0,False,134.337897827,137.49878954,137.49878954,134.337897827,134.337897827,134.337897827,,0,3.160891713,3.160891713,0.022988505743030266970305140913169961859723874337170,False,False,2733,0,2733,0,0,0,True,0,890.884272039,890.884272039,0,0,0,excluded:failed_confirmation_poc,0,890.884272039,890.884272039,1,True,True,,,,,,,,,,,,,,,,,,,,,,,,,,,,,,,,,,,,,,,,,,,,,,,,,,,,,,,,,,,,,,,,,,,,,,,,,,,,,,,,,,,,,,,,,,,,,,,,,,,,,,,,,,,,,,,,,,,,,,,,,,,,,,,,,,,,,,,,,,,,,,,,,,,,,,,,,,,,,,,,
gonka13jelpte0qx5f0up3pzmmgnnqj5877rwfs08n7q,1522.529005991,1522.529005991,2,2,2326,0,2326,0,0,0,True,0,725.208875423,725.208875423,0,0,0,excluded:failed_confirmation_poc,0,725.208875423,725.208875423,1,True,True,1356,0,1356,1355,1355,0,False,428.300827189,428.616916361,428.616916361,428.300827189,428.300827189,428.300827189,,0,0.316089172,0.316089172,0.00073746312834226965197155367437310645842850628066977,False,False,2445,0,2445,0,0,0,True,0,797.004041396,797.004041396,0,0,0,excluded:failed_confirmation_poc,0,797.004041396,797.004041396,1,True,True,,,,,,,,,,,,,,,,,,,,,,,,,,,,,,,,,,,,,,,,,,,,,,,,,,,,,,,,,,,,,,,,,,,,,,,,,,,,,,,,,,,,,,,,,,,,,,,,,,,,,,,,,,,,,,,,,,,,,,,,,,,,,,,,,,,,,,,,,,,,,,,,,,,,,,,,,,,,,,,,
gonka1vz2jg42w39l63dmvmjqdsnxx0ywnzt9nzypdy7,1456.290169816,1456.290169816,2,2,2174,0,2174,0,0,0,True,0,677.817753727,677.817753727,0,0,0,excluded:failed_confirmation_poc,0,677.817753727,677.817753727,1,True,True,2523,0,2523,2429,2429,0,False,767.780597228,797.492979335,797.492979335,767.780597228,767.780597228,767.780597228,,0,29.712382107,29.712382107,0.037257233451479485430998850687832055534091744519395,False,False,2297,0,2297,0,0,0,True,0,748.760033982,748.760033982,0,0,0,excluded:failed_confirmation_poc,0,748.760033982,748.760033982,1,True,True,,,,,,,,,,,,,,,,,,,,,,,,,,,,,,,,,,,,,,,,,,,,,,,,,,,,,,,,,,,,,,,,,,,,,,,,,,,,,,,,,,,,,,,,,,,,,,,,,,,,,,,,,,,,,,,,,,,,,,,,,,,,,,,,,,,,,,,,,,,,,,,,,,,,,,,,,,,,,,,,
gonka1t8p0tjqls358gmzvd3rnnjulraq2k3m772vnt8,1377.181839894,1377.181839894,1,1,,,,,,,,,,,,,,,,,,,,,,,,,,,,,,,,,,,,,,,,,,,,,,,,,,,,,,,,,,,,,4115,0,4115,0,0,0,True,0,1377.181839894,1377.181839894,0,0,0,excluded:failed_confirmation_poc,0,1377.181839894,1377.181839894,1,True,True,,,,,,,,,,,,,,,,,,,,,,,,,,,,,,,,,,,,,,,,,,,,,,,,,,,,,,,,,,,,,,,,,,,,,,,,,,,,,,,,,,,,,,,,,,,,,,,,,,,,,,,,,,,,,,,,,,,,,,,,,,,,,,,,,,,,,,,,,,,,
gonka10mmdjau4dnj8krs7sh7t7635ttnmq9u3vqgz09,1265.814481531,1265.814481531,1,1,2936,0,2936,2927,2927,0,False,912.590876339,915.396929597,915.396929597,912.590876339,912.590876339,912.590876339,,0,2.806053258,2.806053258,0.0030653950950385579983325254033001921227002339033934,False,False,3108,0,3108,0,3108,3108,False,982.40514458,982.40514458,982.40514458,0,982.40514458,982.40514458,,0,0,0,0,False,False,3108,0,3108,0,3108,3108,False,1013.124155689,1013.124155689,1013.124155689,0,1013.124155689,1013.124155689,,0,0,0,0,False,False,3108,0,3108,0,0,3108,False,0,1040.165530593,1040.165530593,0,1040.165530593,0,zero_confirmation_weight,0,1040.165530593,1040.165530593,1,True,True,5115,1992,7107,5115,5115,0,False,1984.272835831,1984.272835831,2757.03363524,1984.272835831,1984.272835831,1984.272835831,,0,0,0,0,False,False,7991,0,7991,7991,7991,0,False,2895.15795929,2895.15795929,2895.15795929,2895.15795929,2895.15795929,2895.15795929,,0,0,0,0,False,False,8010,0,8010,8010,8010,0,False,3238.248469197,3238.248469197,3238.248469197,3238.248469197,3238.248469197,3238.248469197,,0,0,0,0,False,False,16110,0,16110,15898,15898,0,False,6753.067461105,6843.119687911,6843.119687911,6753.067461105,6753.067461105,6753.067461105,,0,90.052226806,90.052226806,0.013159528243395411735148682620035482382926744146709,False,False,23052,0,23052,23034,23034,0,False,8015.363671163,8021.627305186,8021.627305186,8015.363671163,8015.363671163,8015.363671163,,0,6.263634023,6.263634023,0.00078084331080185520339265561679806390048628170646599,False,False,,,,,,,,,,,,,,,,,,,,,38551,0,38551,38027,38027,0,False,9182.144332709,9308.67136956,9308.67136956,9182.144332709,9182.144332709,9182.144332709,,0,126.527036851,126.527036851,0.013592384114531336066534035121843062277276520440962,False,False
gonka1tmk2tzdneht6smu34pkmqdvu7p34qavvmwtwq2,1238.786394543,1238.786394543,1,1,,,,,,,,,,,,,,,,,,,,,,,,,,,,,,,,,,,,,,,,,31,0,31,31,31,0,False,10.105163715,10.105163715,10.105163715,10.105163715,10.105163715,10.105163715,,0,0,0,0,False,False,1540,0,1540,0,0,1540,False,0,515.397334978,515.397334978,0,515.397334978,0,zero_confirmation_weight,0,515.397334978,515.397334978,1,True,True,1064,0,1064,666,666,0,False,258.362797392,412.759784423,412.759784423,258.362797392,258.362797392,258.362797392,,0,154.396987031,154.396987031,0.37406015037737435290054965413749585715414380685837,False,False,1202,0,1202,1202,1202,0,False,435.487406715,435.487406715,435.487406715,435.487406715,435.487406715,435.487406715,,0,0,0,0,False,False,1202,0,1202,896,896,0,False,362.23103975,485.939408236,485.939408236,362.23103975,362.23103975,362.23103975,,0,123.708368486,123.708368486,0.25457570715466676683175825704530028842054549305610,False,False,1216,0,1216,941,941,0,False,399.712950113,516.525980167,516.525980167,399.712950113,399.712950113,399.712950113,,0,116.813030054,116.813030054,0.22615131578905814236725767448264261240334645651055,False,False,1156,0,1156,896,851,0,False,296.13069741,402.26449613,402.26449613,311.789782467,311.789782467,296.13069741,,0,106.13379872,106.13379872,0.26384083045126779481263289682507233602028004061627,False,False,1198,0,1198,920,874,0,False,243.468806348,333.724977122,333.724977122,256.28295405,256.28295405,243.468806348,,0,90.256170774,90.256170774,0.27045075125139647053546618596268005829408756806393,False,False,1198,0,1198,686,651,0,False,157.19294082,289.27364532,289.27364532,165.644174198,165.644174198,157.19294082,,0,132.0807045,132.0807045,0.45659432387589203420074631774962139506390619712193,False,False
gonka1dpt9zx2dqcky6yjjwrd8xz2w7lq6vffy9mhvgs,1208.040888785,1208.040888785,2,2,2312,0,2312,2312,2312,0,False,720.843903688,720.843903688,720.843903688,720.843903688,720.843903688,720.843903688,,0,0,0,0,False,False,2549,0,2549,0,2549,2549,False,805.711297791,805.711297791,805.711297791,0,805.711297791,805.711297791,,0,0,0,0,False,False,2549,0,2549,0,2549,2549,False,830.905235795,830.905235795,830.905235795,0,830.905235795,830.905235795,,0,0,0,0,False,False,2549,0,2549,0,0,0,True,0,853.082991467,853.082991467,0,0,0,excluded:failed_confirmation_poc,0,853.082991467,853.082991467,1,True,True,915,1634,2549,0,0,0,True,0,354.957897318,988.838994825,0,0,0,excluded:failed_confirmation_poc,0,354.957897318,354.957897318,1,True,True,,,,,,,,,,,,,,,,,,,,,,,,,,,,,,,,,,,,,,,,,,,,,,,,,,,,,,,,,,,,,,,,,,,,,,,,,,,,,,,,,,,,,,,,,,,,,,,,,,,,,,,,,,,,,,,,,,,,,,,,
gonka1ge9amk4ymld27d35akj3ky9uph4gyz6rdpepjj,1162.387857795,1162.387857795,2,2,2329,0,2329,0,2329,2329,False,726.144226509,726.144226509,726.144226509,0,726.144226509,726.144226509,,0,0,0,0,False,False,2329,0,2329,2329,2329,0,False,736.171680092,736.171680092,736.171680092,736.171680092,736.171680092,736.171680092,,0,0,0,0,False,False,2452,0,2452,0,2452,2452,False,799.285852557,799.285852557,799.285852557,0,799.285852557,799.285852557,,0,0,0,0,False,False,2452,0,2452,0,0,0,True,0,820.619652836,820.619652836,0,0,0,excluded:failed_confirmation_poc,0,820.619652836,820.619652836,1,True,True,881,1571,2452,0,0,0,True,0,341.768204959,951.209578388,0,0,0,excluded:failed_confirmation_poc,0,341.768204959,341.768204959,1,True,True,,,,,,,,,,,,,,,,,,,,,,,,,,,,,,,,,,,,,,,,,,,,,,,,,,,,,,,,,,,,,,,,,,,,,,,,,,,,,,,,,,,,,,,,,,,,,,,,,,,,,,,,,,,,,,,,,,,,,,,,
gonka1duuaqdx06sx8v2dzggltwwmqyuw8lvjkjq7xll,1154.368344199,1154.368344199,0,0,,,,,,,,,,,,,,,,,,,,,,,,,,,,,,,,,,,,,,,,,,,,,,,,,,,,,,,,,,,,,,,,,,,,,,,,,,,,,,,,,,,,,,,,,,,,,,,,,,,,,127158,0,127158,127065,127065,0,False,46035.946201625,46069.640318783,46069.640318783,46035.946201625,46035.946201625,46035.946201625,,0,33.694117158,33.694117158,0.00073137356673181167199337524163279462020047980814763,False,False,123855,0,123855,123855,123855,0,False,50071.568558357,50071.568558357,50071.568558357,50071.568558357,50071.568558357,50071.568558357,,0,0,0,0,False,False,119732,0,119732,119732,119732,0,False,50859.118961701,50859.118961701,50859.118961701,50859.118961701,50859.118961701,50859.118961701,,0,0,0,0,False,False,115224,0,115224,121288,115224,0,False,40095.609257886,40095.609257886,40095.609257886,40095.609257886,40095.609257886,40095.609257886,,0,0,0,0,False,False,126511,0,126511,130120,123614,0,False,34434.957697869,35241.970434701,35241.970434701,35241.970434701,35241.970434701,34434.957697869,,0,807.012736832,807.012736832,0.022899194536448933922000159899478051071974458889830,False,False,128529,0,128529,133926,127230,0,False,30721.440646135,31035.102136344,31035.102136344,31035.102136344,31035.102136344,30721.440646135,,0,313.661490209,313.661490209,0.010106668533939936314966624664941991383922280221618,False,False
gonka1llgg3kvg9sc6xz09jtkcrucrppxgn78xe4xlv0,1133.438261731,1133.438261731,2,2,2531,0,2531,0,2531,2531,False,789.124532973,789.124532973,789.124532973,0,789.124532973,789.124532973,,0,0,0,0,False,False,2531,0,2531,2531,2531,0,False,800.021692706,800.021692706,800.021692706,800.021692706,800.021692706,800.021692706,,0,0,0,0,False,False,2391,0,2391,0,2391,2391,False,779.40149815,779.40149815,779.40149815,0,779.40149815,779.40149815,,0,0,0,0,False,False,2391,0,2391,0,0,0,True,0,800.204563593,800.204563593,0,0,0,excluded:failed_confirmation_poc,0,800.204563593,800.204563593,1,True,True,859,1532,2391,0,0,0,True,0,333.233698138,927.545718567,0,0,0,excluded:failed_confirmation_poc,0,333.233698138,333.233698138,1,True,True,,,,,,,,,,,,,,,,,,,,,,,,,,,,,,,,,,,,,,,,,,,,,,,,,,,,,,,,,,,,,,,,,,,,,,,,,,,,,,,,,,,,,,,,,,,,,,,,,,,,,,,,,,,,,,,,,,,,,,,,
gonka1830lqug50lse998x2lakk4pj5ypfumz5pasz0y,1122.107269017,1122.107269017,3,3,,,,,,,,,,,,,,,,,,,,,,,,,,,,,,,,,,,,,,,,,,,,,,,,,,,,,,,,,,,,,1511,0,1511,0,0,0,True,0,505.691800748,505.691800748,0,0,0,excluded:failed_confirmation_poc,0,505.691800748,505.691800748,1,True,True,1597,0,1597,1576,1576,0,False,611.38103407,619.527608763,619.527608763,611.38103407,611.38103407,611.38103407,,0,8.146574693,8.146574693,0.013149655604963472061139962655788874050683289483572,False,False,1498,0,1498,1498,1498,0,False,542.728897887,542.728897887,542.728897887,542.728897887,542.728897887,542.728897887,,0,0,0,0,False,False,1168,0,1168,1339,1138,0,False,460.06576254,472.19403396,472.19403396,472.19403396,472.19403396,460.06576254,,0,12.12827142,12.12827142,0.025684931506414156135349575902125826172731849989679,False,False,1168,0,1168,1374,1168,0,False,496.136796739,496.136796739,496.136796739,496.136796739,496.136796739,496.136796739,,0,0,0,0,False,False,1168,0,1168,1365,1160,0,False,403.656414802,406.440252145,406.440252145,406.440252145,406.440252145,403.656414802,,0,2.783837343,2.783837343,0.0068493150673640693324641722414656288151978702685095,False,False,1141,0,1141,586,0,0,True,0,317.846576708,317.846576708,163.241098993,163.241098993,0,excluded:failed_confirmation_poc,0,317.846576708,317.846576708,1,True,True,1141,0,1141,0,0,0,True,0,275.510208105,275.510208105,0,0,0,excluded:failed_confirmation_poc,0,275.510208105,275.510208105,1,True,True
gonka100xav7dpl82gxrtg72yjhpz2zn6f24gv035ted,1113.781227178,1113.781227178,2,2,2055,0,2055,0,0,0,True,0,640.715493979,640.715493979,0,0,0,excluded:failed_confirmation_poc,0,640.715493979,640.715493979,1,True,True,435,0,435,410,410,0,False,129.596560256,137.49878954,137.49878954,129.596560256,129.596560256,129.596560256,,0,7.902229284,7.902229284,0.057471264368484854372195079034584496022902224598013,False,False,1427,0,1427,0,0,0,True,0,465.163503915,465.163503915,0,0,0,excluded:failed_confirmation_poc,0,465.163503915,465.163503915,1,True,True,,,,,,,,,,,,,,,,,,,,,,,,,,,,,,,,,,,,,,,,,,,,,,,,,,,,,,,,,,,,,,,,,,,,,,,,,,,,,,,,,,,,,,,,,,,,,,,,,,,,,,,,,,,,,,,,,,,,,,,,,,,,,,,,,,,,,,,,,,,,,,,,,,,,,,,,,,,,,,,,
gonka145666cll76ptcyy9ceymtalr8gnvv73ne99p32,1107.607245083,1107.607245083,2,2,2337,0,2337,0,2337,2337,False,728.638496072,728.638496072,728.638496072,0,728.638496072,728.638496072,,0,0,0,0,False,False,2337,0,2337,0,2337,2337,False,738.700393463,738.700393463,738.700393463,0,738.700393463,738.700393463,,0,0,0,0,False,False,2337,0,2337,0,2337,2337,False,761.798954905,761.798954905,761.798954905,0,761.798954905,761.798954905,,0,0,0,0,False,False,2337,0,2337,0,0,0,True,0,782.132189509,782.132189509,0,0,0,excluded:failed_confirmation_poc,0,782.132189509,782.132189509,1,True,True,839,1498,2337,0,0,0,True,0,325.475055574,906.597383643,0,0,0,excluded:failed_confirmation_poc,0,325.475055574,325.475055574,1,True,True,,,,,,,,,,,,,,,,,,,,,,,,,,,,,,,,,,,,,,,,,,,,,,,,,,,,,,,,,,,,,,,,,,,,,,,,,,,,,,,,,,,,,,,,,,,,,,,,,,,,,,,,,,,,,,,,,,,,,,,,
gonka1qa90tgczc0k5dvk4l5nvlf5y6phgm6mg22sfjv,1104.915127696,1104.915127696,0,0,,,,,,,,,,,,,,,,,,,,,,,,,,,,,,,,,,,,,,,,,,,,,,,,,,,,,,,,,,,,,,,,,,,,,,,,,,,,,,,,,,,,,,,,,,,,,,,,,,,,,,,,,,,,,,,,,,,,,,,,,,,,,,,,,,,,,,,,,,,,,31272,0,31272,36254,30816,0,False,13089.855760563,13283.553003126,13283.553003126,13283.553003126,13283.553003126,13089.855760563,,0,193.697242563,193.697242563,0.014581734458952171763180792899933989151457170375467,False,False,35051,0,35051,35679,33895,0,False,11794.770844581,12197.035340711,12197.035340711,12197.035340711,12197.035340711,11794.770844581,,0,402.26449613,402.26449613,0.032980514107992315981042116365424834069898082543090,False,False,34196,0,34196,35182,33423,0,False,9310.592579609,9525.925974698,9525.925974698,9525.925974698,9525.925974698,9310.592579609,,0,215.333395089,215.333395089,0.022604983039019123269828241052176361132992875378938,False,False,30739,0,30739,31077,29523,0,False,7128.736085796,7422.35607971,7422.35607971,7422.35607971,7422.35607971,7128.736085796,,0,293.619993914,293.619993914,0.039558866586399620874838962192946056966314981282902,False,False
gonka1elw9xd79mpsrt7jqwkweg6yv02nvda49xhcej2,1100.361273484,1100.361273484,1,1,2408,0,2408,0,2408,2408,False,750.775138443,750.775138443,750.775138443,0,750.775138443,750.775138443,,0,0,0,0,False,False,2408,0,2408,1538,1538,0,False,486.145145548,761.142724629,761.142724629,486.145145548,486.145145548,486.145145548,,0,274.997579081,274.997579081,0.36129568106302362368947527467834015874705259633817,False,False,2532,0,2532,0,0,0,True,0,825.363694403,825.363694403,0,0,0,excluded:failed_confirmation_poc,0,825.363694403,825.363694403,1,True,True,,,,,,,,,,,,,,,,,,,,,,,,,,,,,,,,,,,,,,,,,,,,,,,,,,,,,,,,,,,,,,,,,,,,,,,,,,,,,,,,,,,,,,,,,,,,,,,,,,,,,,,,,,,,,,,,,,,,,,,,,,,,,,,,,,,,,,,,,,,,,,,,,,,,,,,,,,,,,,,,
gonka1tl5m3vuqsx333v7095ymwjdc4vdk2wd9r5hqws,1092.123908355,1092.123908355,2,2,,,,,,,,,,,,,,,,,,,,,,,,,,,,,,,,,,,,,,,,,,,,,,,,,,,,,,,,,,,,,,,,,,,,,,,,,,,,,,,,,,,,,,,,,,,,,,,,,,,,,1995,0,1995,0,0,0,True,0,722.793158401,722.793158401,0,0,0,excluded:failed_confirmation_poc,0,722.793158401,722.793158401,1,True,True,,,,,,,,,,,,,,,,,,,,,1746,0,1746,1991,1693,0,False,719.14349048,741.656547181,741.656547181,741.656547181,741.656547181,719.14349048,,0,22.513056701,22.513056701,0.030355097364907003749475203272688143893164400199567,False,False,,,,,,,,,,,,,,,,,,,,,1245,0,1245,0,0,0,True,0,346.817693253,346.817693253,0,0,0,excluded:failed_confirmation_poc,0,346.817693253,346.817693253,1,True,True,,,,,,,,,,,,,,,,,,,,
gonka1mdy7nlecw4xaqdxmeh3qlqzakg9ftge9szfqgg,1042.787816193,1042.787816193,2,2,,,,,,,,,,,,,,,,,,,,,,,,,,,,,,,,,,,,,,,,,,,,,,,,,,,,,,,,,,,,,,,,,,,,,,,,,,,,,,,,,,,,,,,,,,,,,,,,,,,,,2014,0,2014,0,0,0,True,0,729.676902766,729.676902766,0,0,0,excluded:failed_confirmation_poc,0,729.676902766,729.676902766,1,True,True,,,,,,,,,,,,,,,,,,,,,1697,0,1697,1996,1697,0,False,720.842589099,720.842589099,720.842589099,720.842589099,720.842589099,720.842589099,,0,0,0,0,False,False,,,,,,,,,,,,,,,,,,,,,1124,0,1124,0,0,0,True,0,313.110913427,313.110913427,0,0,0,excluded:failed_confirmation_poc,0,313.110913427,313.110913427,1,True,True,,,,,,,,,,,,,,,,,,,,
gonka15sptlamre9vq4m5t7pa7je5r2pc34kmlwvj0jz,1039.262276641,1039.262276641,3,3,2743,0,2743,0,2743,2743,False,855.222676391,855.222676391,855.222676391,0,855.222676391,855.222676391,,0,0,0,0,False,False,2743,0,2743,0,0,0,True,0,867.032597034,867.032597034,0,0,0,excluded:failed_confirmation_poc,0,867.032597034,867.032597034,1,True,True,455,0,455,0,0,0,True,0,148.317725495,148.317725495,0,0,0,excluded:failed_confirmation_poc,0,148.317725495,148.317725495,1,True,True,,,,,,,,,,,,,,,,,,,,,,,,,,,,,,,,,,,,,,,,,66,0,66,0,0,0,True,0,23.911954112,23.911954112,0,0,0,excluded:failed_confirmation_poc,0,23.911954112,23.911954112,1,True,True,,,,,,,,,,,,,,,,,,,,,,,,,,,,,,,,,,,,,,,,,,,,,,,,,,,,,,,,,,,,,,,,,,,,,,,,,,,,,,,,,,,,,,,,,,,,,,,,,,,,
gonka1vjz8csqsr0ph0lv0yylc4auypnzrld7y6l2feu,997.530941975,997.530941975,3,3,,,,,,,,,,,,,,,,,,,,,,,,,,,,,,,,,,,,,,,,,,,,,,,,,,,,,,,,,,,,,,,,,,,,,,,,,,,,,,,,,1850,0,1850,1818,1818,0,False,705.260609099,717.674437202,717.674437202,705.260609099,705.260609099,705.260609099,,0,12.413828103,12.413828103,0.017297297297362071077826144784754425847662741788269,False,False,1785,0,1785,1785,1785,0,False,646.709668043,646.709668043,646.709668043,646.709668043,646.709668043,646.709668043,,0,0,0,0,False,False,906,0,906,886,0,0,True,0,366.27379689,366.27379689,358.18828261,358.18828261,0,excluded:failed_confirmation_poc,0,366.27379689,366.27379689,1,True,True,906,0,906,878,0,0,True,0,384.845837197,384.845837197,372.952146864,372.952146864,0,excluded:failed_confirmation_poc,0,384.845837197,384.845837197,1,True,True,861,0,861,906,861,0,False,299.61049409,299.61049409,299.61049409,299.61049409,299.61049409,299.61049409,,0,0,0,0,False,False,840,0,840,334,0,0,True,0,233.997479785,233.997479785,93.041855057,93.041855057,0,excluded:failed_confirmation_poc,0,233.997479785,233.997479785,1,True,True,558,0,558,587,558,0,False,134.736806417,134.736806417,134.736806417,134.736806417,134.736806417,134.736806417,,0,0,0,0,False,False
gonka168yvlgt9jg86frg2z90cc8w4pz9hnd7f8lshux,985.024106256,985.024106256,2,2,1491,0,1491,0,1491,1491,False,464.869489792,464.869489792,464.869489792,0,464.869489792,464.869489792,,0,0,0,0,False,False,1491,0,1491,0,1491,1491,False,471.288954494,471.288954494,471.288954494,0,471.288954494,471.288954494,,0,0,0,0,False,False,1491,0,1491,0,0,0,True,0,486.025777391,486.025777391,0,0,0,excluded:failed_confirmation_poc,0,486.025777391,486.025777391,1,True,True,1491,0,1491,0,0,0,True,0,498.998328865,498.998328865,0,0,0,excluded:failed_confirmation_poc,0,498.998328865,498.998328865,1,True,True,,,,,,,,,,,,,,,,,,,,,,,,,,,,,,,,,,,,,,,,,,,,,,,,,,,,,,,,,,,,,,,,,,,,,,,,,,,,,,,,,,,,,,,,,,,,,,,,,,,,,,,,,,,,,,,,,,,,,,,,,,,,,,,,,,,,,,,,,,,,
gonka1043d00lu0v3fz53cut34twtcanalqg9u8vehp2,969.872287853,969.872287853,2,2,2046,0,2046,0,2046,2046,False,637.90944072,637.90944072,637.90944072,0,637.90944072,637.90944072,,0,0,0,0,False,False,2046,0,2046,0,2046,2046,False,646.718444598,646.718444598,646.718444598,0,646.718444598,646.718444598,,0,0,0,0,False,False,2046,0,2046,0,2046,2046,False,666.940805193,666.940805193,666.940805193,0,666.940805193,666.940805193,,0,0,0,0,False,False,2046,0,2046,0,0,2046,False,0,684.742173614,684.742173614,0,684.742173614,0,zero_confirmation_weight,0,684.742173614,684.742173614,1,True,True,735,1311,2046,0,0,0,True,0,285.130114239,793.709134332,0,0,0,excluded:failed_confirmation_poc,0,285.130114239,285.130114239,1,True,True,,,,,,,,,,,,,,,,,,,,,,,,,,,,,,,,,,,,,,,,,,,,,,,,,,,,,,,,,,,,,,,,,,,,,,,,,,,,,,,,,,,,,,,,,,,,,,,,,,,,,,,,,,,,,,,,,,,,,,,,
gonka1y4kyhqy022gt4kklxxflgqkutnx96ssww66zg6,961.990920258,961.990920258,2,2,,,,,,,,,,,,,,,,,,,,,,,,,,,,,,,,,,,,,,,,,,,,,,,,,,,,,,,,,,,,,,,,,,,,,,,,,,,,,,,,,,,,,,,,,,,,,,,,,,,,,1995,0,1995,0,0,0,True,0,722.793158401,722.793158401,0,0,0,excluded:failed_confirmation_poc,0,722.793158401,722.793158401,1,True,True,,,,,,,,,,,,,,,,,,,,,1697,0,1697,1941,1650,0,False,700.878180326,720.842589099,720.842589099,720.842589099,720.842589099,700.878180326,,0,19.964408773,19.964408773,0.027695934001283187963624835701267286338952065792056,False,False,,,,,,,,,,,,,,,,,,,,,787,0,787,0,0,0,True,0,219.233353084,219.233353084,0,0,0,excluded:failed_confirmation_poc,0,219.233353084,219.233353084,1,True,True,,,,,,,,,,,,,,,,,,,,
gonka1ujnc662v6g69jm6fgxnr79a2m7ehzeut059239,945.661780169,945.661780169,1,2,2037,0,2037,1939,1939,0,False,604.548585316,635.103387462,635.103387462,604.548585316,604.548585316,604.548585316,,0,30.554802146,30.554802146,0.048109965635836226261919877726920414754712634501070,False,False,2015,0,2015,1930,1930,0,False,610.05210072,636.919680286,636.919680286,610.05210072,610.05210072,610.05210072,,0,26.867579566,26.867579566,0.042183622829703556766694322845740021200347199095341,False,False,2025,0,2025,1886,1886,0,False,614.785121502,660.095371708,660.095371708,614.785121502,614.785121502,614.785121502,,0,45.310250206,45.310250206,0.068641975308445969213773283370969913032996108637518,False,False,1928,0,1928,692,692,0,False,231.594127146,645.250689505,645.250689505,231.594127146,231.594127146,231.594127146,,0,413.656562359,413.656562359,0.64107883817425135166651959577900986035460090848648,False,True,1962,0,1962,1962,1962,0,False,761.122835562,761.122835562,761.122835562,761.122835562,761.122835562,761.122835562,,0,0,0,0,False,False,1962,0,1962,1962,1962,0,False,710.837181344,710.837181344,710.837181344,710.837181344,710.837181344,710.837181344,,0,0,0,0,False,False,1668,0,1668,1962,1668,0,False,674.331890963,674.331890963,674.331890963,674.331890963,674.331890963,674.331890963,,0,0,0,0,False,False,1668,0,1668,1962,1668,0,False,708.524124111,708.524124111,708.524124111,708.524124111,708.524124111,708.524124111,,0,0,0,0,False,False,1737,0,1737,2009,1708,0,False,594.349272829,604.440683199,604.440683199,604.440683199,604.440683199,594.349272829,,0,10.09141037,10.09141037,0.016695451928535401158994215432980958247042397225335,False,False,1669,0,1669,1963,1669,0,False,464.930706859,464.930706859,464.930706859,464.930706859,464.930706859,464.930706859,,0,0,0,0,False,False,1736,0,1736,0,0,0,True,0,419.181175522,419.181175522,0,0,0,excluded:failed_confirmation_poc,0,419.181175522,419.181175522,1,True,True
gonka1lr9mj6dgkv0h76c8y8w0l3esztyg9v2q8d6d8d,881.144573933,881.144573933,1,1,2465,0,2465,2371,2371,0,False,739.239141715,768.546809079,768.546809079,739.239141715,739.239141715,739.239141715,,0,29.307667364,29.307667364,0.038133874238735436523216246305000163681513622769020,False,False,2409,0,2409,2322,2322,0,False,733.959055893,761.458813801,761.458813801,733.959055893,733.959055893,733.959055893,,0,27.499757908,27.499757908,0.036114570360973981058723186873093196853776974172501,False,False,2409,0,2409,0,2409,2409,False,785.269012566,785.269012566,785.269012566,0,785.269012566,785.269012566,,0,0,0,0,False,False,2409,0,2409,0,0,2409,False,0,806.228688288,806.228688288,0,806.228688288,0,zero_confirmation_weight,0,806.228688288,806.228688288,1,True,True,2429,0,2429,2429,2429,0,False,942.287139439,942.287139439,942.287139439,942.287139439,942.287139439,942.287139439,,0,0,0,0,False,False,2473,0,2473,2471,2471,0,False,895.249069879,895.973674549,895.973674549,895.249069879,895.249069879,895.249069879,,0,0.72460467,0.72460467,0.00080873433068749389667063571638804757080726669166265,False,False,2103,0,2103,2423,2060,0,False,832.807970854,850.191826557,850.191826557,850.191826557,850.191826557,832.807970854,,0,17.383855703,17.383855703,0.020446980504857302472812156303468893782293110594153,False,False,2103,0,2103,2473,2103,0,False,893.301098924,893.301098924,893.301098924,893.301098924,893.301098924,893.301098924,,0,0,0,0,False,False,2046,0,2046,2406,2046,0,False,711.96640059,711.96640059,711.96640059,711.96640059,711.96640059,711.96640059,,0,0,0,0,False,False,2057,0,2057,2420,2057,0,False,573.015257046,573.015257046,573.015257046,573.015257046,573.015257046,573.015257046,,0,0,0,0,False,False,2057,0,2057,2420,2057,0,False,496.691058784,496.691058784,496.691058784,496.691058784,496.691058784,496.691058784,,0,0,0,0,False,False
gonka105qfr38n0rz0d2r8hererw9ws5qx7njcujezvu,874.618737147,874.618737147,1,1,2767,0,2767,0,2767,2767,False,862.70548508,862.70548508,862.70548508,0,862.70548508,862.70548508,,0,0,0,0,False,False,2767,0,2767,0,0,0,True,0,874.618737147,874.618737147,0,0,0,excluded:failed_confirmation_poc,0,874.618737147,874.618737147,1,True,True,,,,,,,,,,,,,,,,,,,,,,,,,,,,,,,,,,,,,,,,,,,,,,,,,,,,,,,,,,,,,,,,,,,,,,,,,,,,,,,,,,,,,,,,,,,,,,,,,,,,,,,,,,,,,,,,,,,,,,,,,,,,,,,,,,,,,,,,,,,,,,,,,,,,,,,,,,,,,,,,,,,,,,,,,,,,,,,,,,,,
gonka188qynuf5zs5966vzlrf2q2tj7h7laa995vrxr3,853.847999247,853.847999247,1,1,2270,0,2270,2095,2095,0,False,653.186841793,707.748988483,707.748988483,653.186841793,653.186841793,653.186841793,,0,54.56214669,54.56214669,0.077092511014320683394722296544419969935789091543023,False,False,2452,0,2452,0,2452,2452,False,775.050648169,775.050648169,775.050648169,0,775.050648169,775.050648169,,0,0,0,0,False,False,2452,0,2452,0,0,0,True,0,799.285852557,799.285852557,0,0,0,excluded:failed_confirmation_poc,0,799.285852557,799.285852557,1,True,True,,,,,,,,,,,,,,,,,,,,,,,,,,,,,,,,,,,,,,,,,,,,,,,,,,,,,,,,,,,,,,,,,,,,,,,,,,,,,,,,,,,,,,,,,,,,,,,,,,,,,,,,,,,,,,,,,,,,,,,,,,,,,,,,,,,,,,,,,,,,,,,,,,,,,,,,,,,,,,,,
gonka1dkl4mah5erqggvhqkpc8j3qs5tyuetgdy552cp,839.506718516,839.506718516,2,2,1262,0,1262,1176,1176,0,False,366.657625751,393.471023553,393.471023553,366.657625751,366.657625751,366.657625751,,0,26.813397802,26.813397802,0.068145800318097051899276278598285032885759358228967,False,False,1184,0,1184,0,1184,1184,False,374.249578887,374.249578887,374.249578887,0,374.249578887,374.249578887,,0,0,0,0,False,False,1184,0,1184,0,1184,1184,False,385.95205931,385.95205931,385.95205931,0,385.95205931,385.95205931,,0,0,0,0,False,False,1184,0,1184,0,0,1184,True,0,396.253535464,396.253535464,0,396.253535464,0,excluded:failed_confirmation_poc,0,396.253535464,396.253535464,1,True,True,,,,,,,,,,,,,,,,,,,,,,,,,,,,,,,,,,,,,,,,,,,,,,,,,,,,,,,,,,,,,953,0,953,0,0,0,True,0,404.81024597,404.81024597,0,0,0,excluded:failed_confirmation_poc,0,404.81024597,404.81024597,1,True,True,1098,0,1098,1152,1095,0,False,381.037736386,382.08167539,382.08167539,382.08167539,382.08167539,381.037736386,,0,1.043939004,1.043939004,0.0027322404376876389826908626192307275100278396525799,False,False,1111,0,1111,1130,1073,0,False,298.903923583,309.489523859,309.489523859,309.489523859,309.489523859,298.903923583,,0,10.585600276,10.585600276,0.034203420342016753588804389566418470852231510072582,False,False,1111,0,1111,1169,1111,0,False,268.266293781,268.266293781,268.266293781,268.266293781,268.266293781,268.266293781,,0,0,0,0,False,False
gonka1hytku6t3cfd7wppyrjvu357jjqpsgsw6wcprcy,827.971478587,827.971478587,1,1,2307,0,2307,0,2307,2307,False,719.284985211,719.284985211,719.284985211,0,719.284985211,719.284985211,,0,0,0,0,False,False,2307,0,2307,2307,2307,0,False,729.217718322,729.217718322,729.217718322,729.217718322,729.217718322,729.217718322,,0,0,0,0,False,False,2540,0,2540,0,0,0,True,0,827.971478587,827.971478587,0,0,0,excluded:failed_confirmation_poc,0,827.971478587,827.971478587,1,True,True,,,,,,,,,,,,,,,,,,,,,,,,,,,,,,,,,,,,,,,,,,,,,,,,,,,,,,,,,,,,,,,,,,,,,,,,,,,,,,,,,,,,,,,,,,,,,,,,,,,,,,,,,,,,,,,,,,,,,,,,,,,,,,,,,,,,,,,,,,,,,,,,,,,,,,,,,,,,,,,,
gonka12fazh3etpdx947ldwen4wudnds7wu4kjp5vd76,811.918139388,811.918139388,1,1,2426,0,2426,0,2426,2426,False,756.38724496,756.38724496,756.38724496,0,756.38724496,756.38724496,,0,0,0,0,False,False,2426,0,2426,0,2426,2426,False,766.832329714,766.832329714,766.832329714,0,766.832329714,766.832329714,,0,0,0,0,False,False,2426,0,2426,0,2426,2426,False,790.810553958,790.810553958,790.810553958,0,790.810553958,790.810553958,,0,0,0,0,False,False,2426,0,2426,0,0,2426,True,0,811.918139388,811.918139388,0,811.918139388,0,excluded:failed_confirmation_poc,0,811.918139388,811.918139388,1,True,True,,,,,,,,,,,,,,,,,,,,,,,,,,,,,,,,,,,,,,,,,,,,,,,,,,,,,,,,,,,,,,,,,,,,,,,,,,,,,,,,,,,,,,,,,,,,,,,,,,,,,,,,,,,,,,,,,,,,,,,,,,,,,,,,,,,,,,,,,,,,
gonka10g4ak0ku3lezt0q3kk346updcyyz83369pqtgx,806.783232088,806.783232088,1,1,228,0,228,228,228,0,False,71.086682543,71.086682543,71.086682543,71.086682543,71.086682543,71.086682543,,0,0,0,0,False,False,2475,0,2475,0,2475,2642,False,782.32069911,782.32069911,782.32069911,0,782.32069911,782.32069911,,0,0,0,0,False,False,2475,0,2475,0,0,0,True,0,806.783232088,806.783232088,0,0,0,excluded:failed_confirmation_poc,0,806.783232088,806.783232088,1,True,True,,,,,,,,,,,,,,,,,,,,,,,,,,,,,,,,,,,,,,,,,,,,,,,,,,,,,,,,,,,,,,,,,,,,,,,,,,,,,,,,,,,,,,,,,,,,,,,,,,,,,,,,,,,,,,,,,,,,,,,,,,,,,,,,,,,,,,,,,,,,,,,,,,,,,,,,,,,,,,,,
gonka1zktn8j65wlys8a8e38hqhf4y3x6m4x04zskkrx,799.631239126,799.631239126,0,0,2842,0,2842,2641,2641,0,False,823.420739464,886.089262232,886.089262232,823.420739464,823.420739464,823.420739464,,0,62.668522768,62.668522768,0.070724841660017584926873789716419428617103242315143,False,False,2703,0,2703,2572,2572,0,False,812.981348732,854.38903018,854.38903018,812.981348732,812.981348732,812.981348732,,0,41.407681448,41.407681448,0.048464668886580109298003955325080997401716897591359,False,False,2743,0,2743,2631,2631,0,False,857.635023686,894.14400227,894.14400227,857.635023686,857.635023686,857.635023686,,0,36.508978584,36.508978584,0.040831206708665674400688165564425712378267519439076,False,False,2772,0,2772,2565,2565,0,False,858.437768974,927.715202961,927.715202961,858.437768974,858.437768974,858.437768974,,0,69.277433987,69.277433987,0.074675324674950204154758319684490041140023347881323,False,False,2588,235,2823,2562,2562,0,False,993.882112492,1003.968347826,1095.132397957,993.882112492,993.882112492,993.882112492,,0,10.086235334,10.086235334,0.010046367851975417063889072496055123258042783881569,False,False,2566,235,2801,2533,2533,0,False,917.711814651,929.667791707,1014.808840441,917.711814651,917.711814651,917.711814651,,0,11.955977056,11.955977056,0.012860483242134435039076183749785452219567844833258,False,False,2182,235,2417,2566,2182,0,False,882.129607963,882.129607963,977.134400755,882.129607963,882.129607963,882.129607963,,0,0,0,0,False,False,2804,0,2804,2800,2800,0,False,1189.36903328,1191.068131899,1191.068131899,1189.36903328,1189.36903328,1189.36903328,,0,1.699098619,1.699098619,0.0014265335235617569909760103094493481429611317670945,False,False,3619,0,3619,2208,2097,0,False,729.713363655,1259.338418248,1259.338418248,768.339106795,768.339106795,729.713363655,,0,529.625054593,529.625054593,0.42055816523871153355126146852710972866173355103020,False,False,5406,0,5406,5336,5336,0,False,1486.441133494,1505.940923476,1505.940923476,1486.441133494,1486.441133494,1486.441133494,,0,19.499789982,19.499789982,0.012948575656600626150497473367594515310893779803349,False,False,5586,0,5586,5516,5516,0,False,1331.914380288,1348.816847043,1348.816847043,1331.914380288,1331.914380288,1331.914380288,,0,16.902466755,16.902466755,0.012531328320857748659335300256409521321002888232161,False,False
gonka10cyq8zuplcwr5ntesxn52wp5ky3a7c3nrqdce8,798.363748282,798.363748282,1,1,447,0,447,429,429,0,False,133.755205312,139.367311829,139.367311829,133.755205312,133.755205312,133.755205312,,0,5.612106517,5.612106517,0.040268456378680145892132187693729818765736107538193,False,False,2508,0,2508,0,0,0,True,0,792.751641765,792.751641765,0,0,0,excluded:failed_confirmation_poc,0,792.751641765,792.751641765,1,True,True,,,,,,,,,,,,,,,,,,,,,,,,,,,,,,,,,,,,,,,,,,,,,,,,,,,,,,,,,,,,,,,,,,,,,,,,,,,,,,,,,,,,,,,,,,,,,,,,,,,,,,,,,,,,,,,,,,,,,,,,,,,,,,,,,,,,,,,,,,,,,,,,,,,,,,,,,,,,,,,,,,,,,,,,,,,,,,,,,,,,
gonka1nvvrc06zpk7cwmrekehlr8yqw4mgdfq94dc4ay,778.843718225,778.843718225,1,1,,,,,,,,,,,,,,,,,,,,,2464,0,2464,651,0,0,True,0,778.843718225,778.843718225,205.774050553,205.774050553,0,excluded:failed_confirmation_poc,0,778.843718225,778.843718225,1,True,True,,,,,,,,,,,,,,,,,,,,,,,,,,,,,,,,,,,,,,,,,,,,,,,,,,,,,,,,,,,,,,,,,,,,,,,,,,,,,,,,,,,,,,,,,,,,,,,,,,,,,,,,,,,,,,,,,,,,,,,,,,,,,,,,,,,,,,,,,,,,,,,,,,,,,,,,,,,,,,,,,,,,,,,,,,,,,,,,,,,,
gonka1fc9tzt83dgrqswlgay4668cuqjrk7zsqks2vm2,775.106650682,775.106650682,1,1,2156,0,2156,2095,2095,0,False,653.186841793,672.205647211,672.205647211,653.186841793,653.186841793,653.186841793,,0,19.018805418,19.018805418,0.028293135436915108841403279723509832368812910865327,False,False,2156,0,2156,1814,2082,268,False,658.097654767,681.488253447,681.488253447,573.385756843,658.097654767,658.097654767,,0,23.39059868,23.39059868,0.034322820036426511145918973775435302657198435542560,False,False,2191,0,2191,1814,2082,268,False,678.675834023,714.206893537,714.206893537,591.315063841,678.675834023,678.675834023,,0,35.531059514,35.531059514,0.049748973071427359439729613448109352787169582180566,False,False,2057,0,2057,96,0,268,True,0,688.42358315,688.42358315,32.128665037,121.821188267,0,excluded:failed_confirmation_poc,0,688.42358315,688.42358315,1,True,True,270,0,270,254,254,0,False,98.534760567,104.741674618,104.741674618,98.534760567,98.534760567,98.534760567,,0,6.206914051,6.206914051,0.059259259255086736348670510426648561644443346434715,False,False,267,0,267,264,264,0,False,95.64781645,96.734723455,96.734723455,95.64781645,95.64781645,95.64781645,,0,1.086907005,1.086907005,0.011235955055018252855974942426117260873498819059605,False,False,219,0,219,257,219,0,False,88.536381367,88.536381367,88.536381367,88.536381367,88.536381367,88.536381367,,0,0,0,0,False,False,219,0,219,257,219,0,False,93.025649388,93.025649388,93.025649388,93.025649388,93.025649388,93.025649388,,0,0,0,0,False,False,219,0,219,257,219,0,False,76.207547277,76.207547277,76.207547277,76.207547277,76.207547277,76.207547277,,0,0,0,0,False,False,216,0,216,254,216,0,False,60.170780516,60.170780516,60.170780516,60.170780516,60.170780516,60.170780516,,0,0,0,0,False,False,228,0,228,262,222,0,False,53.604965994,55.053748858,55.053748858,55.053748858,55.053748858,53.604965994,,0,1.448782864,1.448782864,0.026315789461256164471167537653172181730084354576325,False,False
gonka17ef5hl0588tmjm9ypw7t2kge78wrkcpvyspc0p,771.087960903,771.087960903,1,1,2304,0,2304,0,2304,2304,False,718.349634125,718.349634125,718.349634125,0,718.349634125,718.349634125,,0,0,0,0,False,False,2304,0,2304,0,2304,2304,False,728.269450808,728.269450808,728.269450808,0,728.269450808,728.269450808,,0,0,0,0,False,False,2304,0,2304,0,2304,2304,False,751.041845144,751.041845144,751.041845144,0,751.041845144,751.041845144,,0,0,0,0,False,False,2304,0,2304,0,0,2304,True,0,771.087960903,771.087960903,0,771.087960903,0,excluded:failed_confirmation_poc,0,771.087960903,771.087960903,1,True,True,,,,,,,,,,,,,,,,,,,,,,,,,,,,,,,,,,,,,,,,,,,,,,,,,,,,,,,,,,,,,,,,,,,,,,,,,,,,,,,,,,,,,,,,,,,,,,,,,,,,,,,,,,,,,,,,,,,,,,,,,,,,,,,,,,,,,,,,,,,,
gonka1sa32xmpxvv7nepfc22004rgdl4ddjvne42guce,766.688550251,766.688550251,1,1,2497,0,2497,2497,2497,0,False,778.523887331,778.523887331,778.523887331,778.523887331,778.523887331,778.523887331,,0,0,0,0,False,False,2429,0,2429,2429,2429,0,False,767.780597228,767.780597228,767.780597228,767.780597228,767.780597228,767.780597228,,0,0,0,0,False,False,2352,0,2352,0,0,0,True,0,766.688550251,766.688550251,0,0,0,excluded:failed_confirmation_poc,0,766.688550251,766.688550251,1,True,True,,,,,,,,,,,,,,,,,,,,,,,,,,,,,,,,,,,,,,,,,,,,,,,,,,,,,,,,,,,,,,,,,,,,,,,,,,,,,,,,,,,,,,,,,,,,,,,,,,,,,,,,,,,,,,,,,,,,,,,,,,,,,,,,,,,,,,,,,,,,,,,,,,,,,,,,,,,,,,,,
gonka1ccdm8j6sjyhq4qask049dwgaczs7f3pxte6zmp,764.810221691,764.810221691,1,1,2117,0,2117,0,2117,2117,False,660.046083091,660.046083091,660.046083091,0,660.046083091,660.046083091,,0,0,0,0,False,False,2117,0,2117,2033,2033,0,False,642.60928537,669.160775764,669.160775764,642.60928537,642.60928537,642.60928537,,0,26.551490394,26.551490394,0.039678790741560432727766850045844552925229010270551,False,False,2126,0,2126,0,2126,2126,False,693.018647038,693.018647038,693.018647038,0,693.018647038,693.018647038,,0,0,0,0,False,False,2126,0,2126,0,0,2126,False,0,711.516061145,711.516061145,0,711.516061145,0,zero_confirmation_weight,0,711.516061145,711.516061145,1,True,True,763,1363,2126,763,763,0,False,295.992213829,295.992213829,824.74370459,295.992213829,295.992213829,295.992213829,,0,0,0,0,False,False,2100,0,2100,2100,2100,0,False,760.83490358,760.83490358,760.83490358,760.83490358,760.83490358,760.83490358,,0,0,0,0,False,False,2100,0,2100,2088,2088,0,False,844.127690846,848.978999415,848.978999415,844.127690846,844.127690846,844.127690846,,0,4.851308569,4.851308569,0.0057142857153626381141195993031158198168891746355094,False,False,2062,0,2062,2062,2062,0,False,875.88533808,875.88533808,875.88533808,875.88533808,875.88533808,875.88533808,,0,0,0,0,False,False,1968,0,1968,2070,1967,0,False,684.476006823,684.823986491,684.823986491,684.823986491,684.823986491,684.476006823,,0,0.347979668,0.347979668,0.00050813008139949719873399246769608577693892556433178,False,False,1968,0,1968,2008,1908,0,False,531.508561227,548.222666926,548.222666926,548.222666926,548.222666926,531.508561227,,0,16.714105699,16.714105699,0.030487804878115514988329638163495332497987819618650,False,False,1968,0,1968,2050,1948,0,False,470.371503408,475.200779624,475.200779624,475.200779624,475.200779624,470.371503408,,0,4.829276216,4.829276216,0.010162601626666391859934580366924907442205303615598,False,False
gonka1fp8zl07qccdzuekns2q55jgmcag40kjrm8z0z9,741.302011024,741.302011024,1,1,2314,0,2314,0,2314,2314,False,721.467471079,721.467471079,721.467471079,0,721.467471079,721.467471079,,0,0,0,0,False,False,2314,0,2314,2314,2314,0,False,731.430342522,731.430342522,731.430342522,731.430342522,731.430342522,731.430342522,,0,0,0,0,False,False,2215,0,2215,0,2215,2215,False,722.030246091,722.030246091,722.030246091,0,722.030246091,722.030246091,,0,0,0,0,False,False,2215,0,2215,0,0,2215,True,0,741.302011024,741.302011024,0,741.302011024,0,excluded:failed_confirmation_poc,0,741.302011024,741.302011024,1,True,True,,,,,,,,,,,,,,,,,,,,,,,,,,,,,,,,,,,,,,,,,,,,,,,,,,,,,,,,,,,,,,,,,,,,,,,,,,,,,,,,,,,,,,,,,,,,,,,,,,,,,,,,,,,,,,,,,,,,,,,,,,,,,,,,,,,,,,,,,,,,
gonka1u9a7r4w76gult5n9ysadnual9fghkc6yda60wj,739.237265551,739.237265551,2,3,,,,,,,,,,,,,,,,,,,,,,,,,,,,,,,,,,,,,,,,,31,0,31,31,31,0,False,10.105163715,10.105163715,10.105163715,10.105163715,10.105163715,10.105163715,,0,0,0,0,False,False,1511,0,1511,542,542,0,False,181.393088024,505.691800748,505.691800748,181.393088024,181.393088024,181.393088024,,0,324.298712724,324.298712724,0.64129715420402254625325373162579699481760204115715,False,True,542,969,1511,542,542,0,False,210.259213493,210.259213493,586.165445736,210.259213493,210.259213493,210.259213493,,0,0,0,0,False,False,542,969,1511,542,542,0,False,196.36786559,196.36786559,547.438828242,196.36786559,196.36786559,196.36786559,,0,0,0,0,False,False,542,969,1511,0,0,0,True,0,219.117436991,610.860603864,0,0,0,excluded:failed_confirmation_poc,0,219.117436991,219.117436991,1,True,True,461,969,1430,0,0,0,True,0,195.821115836,607.427756282,0,0,0,excluded:failed_confirmation_poc,0,195.821115836,195.821115836,1,True,True,,,,,,,,,,,,,,,,,,,,,,,,,,,,,,,,,,,,,,,,,,,,,,,,,,,,,,,,,,,,
gonka16q0zaetd6hq6d8zj48ur0v967xrrwh566kcazc,735.826287119,735.826287119,2,2,2383,0,2383,2383,2383,0,False,742.980546059,742.980546059,742.980546059,742.980546059,742.980546059,742.980546059,,0,0,0,0,False,False,2467,0,2467,0,2467,2467,False,779.791985739,779.791985739,779.791985739,0,779.791985739,779.791985739,,0,0,0,0,False,False,2467,0,2467,2467,2467,0,False,804.175447903,804.175447903,804.175447903,804.175447903,804.175447903,804.175447903,,0,0,0,0,False,False,1553,0,1553,0,0,1553,True,0,519.748091702,519.748091702,0,519.748091702,0,excluded:failed_confirmation_poc,0,519.748091702,519.748091702,1,True,True,557,996,1553,0,0,0,True,0,216.078195417,602.458595121,0,0,0,excluded:failed_confirmation_poc,0,216.078195417,216.078195417,1,True,True,,,,,,,,,,,,,,,,,,,,,,,,,,,,,,,,,,,,,,,,,,,,,,,,,,,,,,,,,,,,,,,,,,,,,,,,,,,,,,,,,,,,,,,,,,,,,,,,,,,,,,,,,,,,,,,,,,,,,,,,
gonka129ks6ra4ddy8ppsfk0gr8yu24sqk3nanmm34cs,732.461382829,732.461382829,1,1,2247,0,2247,0,2247,2247,False,700.577963489,700.577963489,700.577963489,0,700.577963489,700.577963489,,0,0,0,0,False,False,2247,0,2247,0,2247,2247,False,710.252368041,710.252368041,710.252368041,0,710.252368041,710.252368041,,0,0,0,0,False,False,2247,0,2247,0,0,0,True,0,732.461382829,732.461382829,0,0,0,excluded:failed_confirmation_poc,0,732.461382829,732.461382829,1,True,True,,,,,,,,,,,,,,,,,,,,,,,,,,,,,,,,,,,,,,,,,,,,,,,,,,,,,,,,,,,,,,,,,,,,,,,,,,,,,,,,,,,,,,,,,,,,,,,,,,,,,,,,,,,,,,,,,,,,,,,,,,,,,,,,,,,,,,,,,,,,,,,,,,,,,,,,,,,,,,,,
gonka1yal0ysgzc860zt3y8cds8656tnueusgymftvkw,728.765252330,728.765252330,1,1,,,,,,,,,,,,,,,,,,,,,,,,,,,,,,,,,,,,,,,,,,,,,,,,,,,,,,,,,,,,,,,,,,,,,,,,,,,,,,,,,,,,,,,,,,,,,,,,,,,,,1947,0,1947,0,0,0,True,0,705.402646319,705.402646319,0,0,0,excluded:failed_confirmation_poc,0,705.402646319,705.402646319,1,True,True,,,,,,,,,,,,,,,,,,,,,1697,0,1697,1932,1642,0,False,697.479983088,720.842589099,720.842589099,720.842589099,720.842589099,697.479983088,,0,23.362606011,23.362606011,0.032410135533475529124411824419385449744119989108097,False,False,,,,,,,,,,,,,,,,,,,,,,,,,,,,,,,,,,,,,,,,,,,,,,,,,,,,,,,,,,,,
gonka14zg378dzun4p2zhyuaq59y2q0e340wzahgz97q,712.903001445,712.903001445,1,1,2187,0,2187,0,2187,2187,False,681.870941767,681.870941767,681.870941767,0,681.870941767,681.870941767,,0,0,0,0,False,False,2187,0,2187,0,2187,2187,False,691.287017759,691.287017759,691.287017759,0,691.287017759,691.287017759,,0,0,0,0,False,False,2187,0,2187,0,0,0,True,0,712.903001445,712.903001445,0,0,0,excluded:failed_confirmation_poc,0,712.903001445,712.903001445,1,True,True,,,,,,,,,,,,,,,,,,,,,,,,,,,,,,,,,,,,,,,,,,,,,,,,,,,,,,,,,,,,,,,,,,,,,,,,,,,,,,,,,,,,,,,,,,,,,,,,,,,,,,,,,,,,,,,,,,,,,,,,,,,,,,,,,,,,,,,,,,,,,,,,,,,,,,,,,,,,,,,,
gonka123fment8nj6mrekwv9rh5zmevxjd7t05c8azrd,689.758916807,689.758916807,1,1,,,,,,,,,,,,,,,,,,,,,435,0,435,435,435,0,False,137.49878954,137.49878954,137.49878954,137.49878954,137.49878954,137.49878954,,0,0,0,0,False,False,2116,0,2116,0,0,0,True,0,689.758916807,689.758916807,0,0,0,excluded:failed_confirmation_poc,0,689.758916807,689.758916807,1,True,True,,,,,,,,,,,,,,,,,,,,,,,,,,,,,,,,,,,,,,,,,,,,,,,,,,,,,,,,,,,,,,,,,,,,,,,,,,,,,,,,,,,,,,,,,,,,,,,,,,,,,,,,,,,,,,,,,,,,,,,,,,,,,,,,,,,,,,,,,,,,,,,,,,,,,,,,,,,,,,,,
gonka1zpw8tml8xl4fm6zm8zpf2u4pq4tehmd9e2vgq7,688.367977833,688.367977833,0,1,5347,0,5347,5231,5231,0,False,1630.940510464,1667.107419127,1667.107419127,1630.940510464,1630.940510464,1630.940510464,,0,36.166908663,36.166908663,0.021694408079558075659848121875102331676362124015658,False,False,5285,0,5285,5237,5237,0,False,1655.358990401,1670.531270626,1670.531270626,1655.358990401,1655.358990401,1655.358990401,,0,15.172280225,15.172280225,0.0090823084199522197085900166732123784564470026869142,False,False,2642,0,2642,2633,2633,0,False,858.286969732,861.22072694,861.22072694,858.286969732,858.286969732,858.286969732,,0,2.933757208,2.933757208,0.0034065102200035538777740230033576994718584634904073,False,False,2604,0,2604,935,935,0,False,312.919810522,871.490039145,871.490039145,312.919810522,312.919810522,312.919810522,,0,558.570228623,558.570228623,0.64093701996984515402404094794996740352560096959271,False,True,935,1669,2604,935,935,0,False,362.716539883,362.716539883,1010.175261877,362.716539883,362.716539883,362.716539883,,0,0,0,0,False,False,935,1669,2604,935,935,0,False,338.75268326,338.75268326,943.435280439,338.75268326,338.75268326,338.75268326,,0,0,0,0,False,False,0,0,0,0,0,0,False,0,0,0,0,0,0,zero_weight,0,0,0,0,False,False,2359,0,2359,2706,2300,0,False,976.981705909,1002.043410538,1002.043410538,1002.043410538,1002.043410538,976.981705909,,0,25.061704629,25.061704629,0.025010597710077548867846233038046452124794682055601,False,False,2649,0,2649,2788,2649,0,False,921.798140353,921.798140353,921.798140353,921.798140353,921.798140353,921.798140353,,0,0,0,0,False,False,2590,0,2590,2658,2525,0,False,703.385281498,721.492229338,721.492229338,721.492229338,721.492229338,703.385281498,,0,18.10694784,18.10694784,0.025096525095791952760758452974084136524718635402856,False,False,2590,0,2590,2586,2456,0,False,593.035119287,625.391269932,625.391269932,624.425414689,624.425414689,593.035119287,,0,32.356150645,32.356150645,0.051737451737243064998544876425763109224329101087795,False,False
gonka10kjjhgzngn2yj9fgrcfu4wf5lj6xv05u7xhz53,652.724138854,652.724138854,1,1,2065,0,2065,0,2065,2065,False,643.833330932,643.833330932,643.833330932,0,643.833330932,643.833330932,,0,0,0,0,False,False,2065,0,2065,0,0,0,True,0,652.724138854,652.724138854,0,0,0,excluded:failed_confirmation_poc,0,652.724138854,652.724138854,1,True,True,,,,,,,,,,,,,,,,,,,,,,,,,,,,,,,,,,,,,,,,,,,,,,,,,,,,,,,,,,,,,,,,,,,,,,,,,,,,,,,,,,,,,,,,,,,,,,,,,,,,,,,,,,,,,,,,,,,,,,,,,,,,,,,,,,,,,,,,,,,,,,,,,,,,,,,,,,,,,,,,,,,,,,,,,,,,,,,,,,,,
gonka17tlh09e32xpv2uj433ytjnwwd8fh24jclpzm5s,643.577321535,643.577321535,1,1,1923,0,1923,0,1923,1923,False,599.56004619,599.56004619,599.56004619,0,599.56004619,599.56004619,,0,0,0,0,False,False,1923,0,1923,0,1923,1923,False,607.839476521,607.839476521,607.839476521,0,607.839476521,607.839476521,,0,0,0,0,False,False,1923,0,1923,0,1923,1923,False,626.846123355,626.846123355,626.846123355,0,626.846123355,626.846123355,,0,0,0,0,False,False,1923,0,1923,0,0,1923,True,0,643.577321535,643.577321535,0,643.577321535,0,excluded:failed_confirmation_poc,0,643.577321535,643.577321535,1,True,True,,,,,,,,,,,,,,,,,,,,,,,,,,,,,,,,,,,,,,,,,,,,,,,,,,,,,,,,,,,,,,,,,,,,,,,,,,,,,,,,,,,,,,,,,,,,,,,,,,,,,,,,,,,,,,,,,,,,,,,,,,,,,,,,,,,,,,,,,,,,
gonka1h3s37p0l23mg6ak9h9nmayh6r9f2vm6umj3qet,620.289914698,620.289914698,0,1,2663,0,2663,2596,2596,0,False,809.390473172,830.279980762,830.279980762,809.390473172,809.390473172,809.390473172,,0,20.88950759,20.88950759,0.025159594442862983441487300004013919975453813758949,False,False,2794,0,2794,0,2794,2794,False,883.153144773,883.153144773,883.153144773,0,883.153144773,883.153144773,,0,0,0,0,False,False,2794,0,2794,0,2794,2794,False,910.768626446,910.768626446,910.768626446,0,910.768626446,910.768626446,,0,0,0,0,False,False,2794,0,2794,1003,1003,0,False,335.677614924,935.078022032,935.078022032,335.677614924,335.677614924,335.677614924,,0,599.400407108,599.400407108,0.64101646385127793449171571492273304347053998303571,False,True,1003,1791,2794,1003,1003,0,False,389.095924601,389.095924601,1083.882366239,389.095924601,389.095924601,389.095924601,,0,0,0,0,False,False,1003,1791,2794,1003,1003,0,False,363.389242043,363.389242043,1012.272724096,363.389242043,363.389242043,363.389242043,,0,0,0,0,False,False,0,0,0,0,0,0,False,0,0,0,0,0,0,zero_weight,0,0,0,0,False,False,,,,,,,,,,,,,,,,,,,,,,,,,,,,,,,,,,,,,,,,,,,,,,,,,,,,,,,,,,,,,,,,,,,,,,,,,,,,,,,,
gonka1ym8g5f34h5zu4p4d4ldjnycfkty9qxpmyx5a3m,600.786496547,600.786496547,1,1,31,0,31,31,31,0,False,9.665294556,9.665294556,9.665294556,9.665294556,9.665294556,9.665294556,,0,0,0,0,False,False,1184,0,1184,922,922,0,False,291.434215991,374.249578887,374.249578887,291.434215991,291.434215991,291.434215991,,0,82.815362896,82.815362896,0.22128378378484446489567707578693497892732072417051,False,False,1589,0,1589,0,0,0,True,0,517.971133651,517.971133651,0,0,0,excluded:failed_confirmation_poc,0,517.971133651,517.971133651,1,True,True,,,,,,,,,,,,,,,,,,,,,,,,,,,,,,,,,,,,,,,,,,,,,,,,,,,,,,,,,,,,,,,,,,,,,,,,,,,,,,,,,,,,,,,,,,,,,,,,,,,,,,,,,,,,,,,,,,,,,,,,,,,,,,,,,,,,,,,,,,,,,,,,,,,,,,,,,,,,,,,,
gonka1cckj93kp9kegry64scpn4ew9965g3qrswyshl9,599.735080702,599.735080702,1,1,31,0,31,31,31,0,False,9.665294556,9.665294556,9.665294556,9.665294556,9.665294556,9.665294556,,0,0,0,0,False,False,1792,0,1792,0,1792,1792,False,566.431795073,566.431795073,566.431795073,0,566.431795073,566.431795073,,0,0,0,0,False,False,1792,0,1792,0,1792,1792,False,584.143657334,584.143657334,584.143657334,0,584.143657334,584.143657334,,0,0,0,0,False,False,1792,0,1792,0,0,1792,True,0,599.735080702,599.735080702,0,599.735080702,0,excluded:failed_confirmation_poc,0,599.735080702,599.735080702,1,True,True,,,,,,,,,,,,,,,,,,,,,,,,,,,,,,,,,,,,,,,,,,,,,,,,,,,,,,,,,,,,,,,,,,,,,,,,,,,,,,,,,,,,,,,,,,,,,,,,,,,,,,,,,,,,,,,,,,,,,,,,,,,,,,,,,,,,,,,,,,,,
gonka1fkrsesmn2hdj30fhwyam6h4f2e77un36xalhvl,599.502236741,599.502236741,0,0,4244,0,4244,2136,4197,2061,False,1308.556169455,1323.210003137,1323.210003137,665.969973303,1308.556169455,1308.556169455,,0,14.653833682,14.653833682,0.011074458058251845943776089414661624009950412618394,False,False,4298,0,4298,2124,4185,2061,False,1322.833182132,1358.551258496,1358.551258496,671.373399964,1322.833182132,1322.833182132,,0,35.718076364,35.718076364,0.026291298278684098096630438175245723901186892828310,False,False,4308,0,4308,2156,4217,2061,False,1374.628238269,1404.291783368,1404.291783368,702.79783773,1374.628238269,1374.628238269,,0,29.663545099,29.663545099,0.021123491179202146799183834559188864015605009092514,False,False,4198,0,4198,2907,2907,0,False,972.89613817,1404.959748208,1404.959748208,972.89613817,972.89613817,972.89613817,,0,432.063610038,432.063610038,0.30752739399764946294282653833573891116641891613637,False,False,3316,0,3316,3316,3316,0,False,1286.382937168,1286.382937168,1286.382937168,1286.382937168,1286.382937168,1286.382937168,,0,0,0,0,False,False,3316,0,3316,3316,3316,0,False,1201.394542986,1201.394542986,1201.394542986,1201.394542986,1201.394542986,1201.394542986,,0,0,0,0,False,False,2819,0,2819,3230,2745,0,False,1109.736834949,1139.653237786,1139.653237786,1139.653237786,1139.653237786,1109.736834949,,0,29.916402837,29.916402837,0.026250443420069144656696703876283019545568619867118,False,False,2819,0,2819,3250,2762,0,False,1173.2275964,1197.43975172,1197.43975172,1197.43975172,1197.43975172,1173.2275964,,0,24.21215532,24.21215532,0.020219936147285664958649198234085162979910696696476,False,False,2819,0,2819,3244,2757,0,False,959.37994449,980.954683902,980.954683902,980.954683902,980.954683902,959.37994449,,0,21.574739412,21.574739412,0.021993614757188288471646109465155801965246815206190,False,False,2758,0,2758,3195,2716,0,False,756.591851306,768.291725295,768.291725295,768.291725295,768.291725295,756.591851306,,0,11.699873989,11.699873989,0.015228426395595519674898648291317856838899614898917,False,False,2798,0,2798,3291,2798,0,False,675.615742575,675.615742575,675.615742575,675.615742575,675.615742575,675.615742575,,0,0,0,0,False,False
gonka14wp5g2auyarncnwk6ufl8stmyrlgzx0l0d3f80,577.735187515,577.735187515,1,1,1853,0,1853,0,0,0,True,0,577.735187515,577.735187515,0,0,0,excluded:failed_confirmation_poc,0,577.735187515,577.735187515,1,True,True,,,,,,,,,,,,,,,,,,,,,,,,,,,,,,,,,,,,,,,,,,,,,,,,,,,,,,,,,,,,,,,,,,,,,,,,,,,,,,,,,,,,,,,,,,,,,,,,,,,,,,,,,,,,,,,,,,,,,,,,,,,,,,,,,,,,,,,,,,,,,,,,,,,,,,,,,,,,,,,,,,,,,,,,,,,,,,,,,,,,,,,,,,,,,,,,,,,,,,,,
gonka17fcahf38xh8ghzyyrc55tarz9nd0vw6xd29nsk,568.610436447,568.610436447,1,1,1699,0,1699,0,1699,1699,False,529.720498428,529.720498428,529.720498428,0,529.720498428,529.720498428,,0,0,0,0,False,False,1699,0,1699,0,1699,1699,False,537.035502137,537.035502137,537.035502137,0,537.035502137,537.035502137,,0,0,0,0,False,False,1699,0,1699,0,1699,1699,False,553.828166189,553.828166189,553.828166189,0,553.828166189,553.828166189,,0,0,0,0,False,False,1699,0,1699,0,0,1699,True,0,568.610436447,568.610436447,0,568.610436447,0,excluded:failed_confirmation_poc,0,568.610436447,568.610436447,1,True,True,,,,,,,,,,,,,,,,,,,,,,,,,,,,,,,,,,,,,,,,,,,,,,,,,,,,,,,,,,,,,,,,,,,,,,,,,,,,,,,,,,,,,,,,,,,,,,,,,,,,,,,,,,,,,,,,,,,,,,,,,,,,,,,,,,,,,,,,,,,,
gonka1gyydhl9lp0udz3409ps0c0lk0y4ft8qcyv8tfq,562.251638158,562.251638158,1,1,,,,,,,,,,,,,,,,,,,,,31,0,31,31,31,0,False,9.798764312,9.798764312,9.798764312,9.798764312,9.798764312,9.798764312,,0,0,0,0,False,False,1680,0,1680,0,1680,1680,False,547.63467875,547.63467875,547.63467875,0,547.63467875,547.63467875,,0,0,0,0,False,False,1680,0,1680,0,0,1680,True,0,562.251638158,562.251638158,0,562.251638158,0,excluded:failed_confirmation_poc,0,562.251638158,562.251638158,1,True,True,,,,,,,,,,,,,,,,,,,,,,,,,,,,,,,,,,,,,,,,,,,,,,,,,,,,,,,,,,,,,,,,,,,,,,,,,,,,,,,,,,,,,,,,,,,,,,,,,,,,,,,,,,,,,,,,,,,,,,,,,,,,,,,,,,,,,,,,,,,,
gonka1jcxsgcnctv69xd9v35qy45m45pg3wwhn0f8pl2,559.477833303,559.477833303,1,1,1770,0,1770,0,1770,1770,False,551.857140799,551.857140799,551.857140799,0,551.857140799,551.857140799,,0,0,0,0,False,False,1770,0,1770,0,0,0,True,0,559.477833303,559.477833303,0,0,0,excluded:failed_confirmation_poc,0,559.477833303,559.477833303,1,True,True,,,,,,,,,,,,,,,,,,,,,,,,,,,,,,,,,,,,,,,,,,,,,,,,,,,,,,,,,,,,,,,,,,,,,,,,,,,,,,,,,,,,,,,,,,,,,,,,,,,,,,,,,,,,,,,,,,,,,,,,,,,,,,,,,,,,,,,,,,,,,,,,,,,,,,,,,,,,,,,,,,,,,,,,,,,,,,,,,,,,
gonka1nkzdygk3g2p2usnueuqxyep3462350hgzxs86s,558.904902217,558.904902217,1,1,,,,,,,,,,,,,,,,,,,,,,,,,,,,,,,,,,,,,,,,,31,0,31,31,31,0,False,10.105163715,10.105163715,10.105163715,10.105163715,10.105163715,10.105163715,,0,0,0,0,False,False,1670,0,1670,0,0,1670,True,0,558.904902217,558.904902217,0,558.904902217,0,excluded:failed_confirmation_poc,0,558.904902217,558.904902217,1,True,True,,,,,,,,,,,,,,,,,,,,,,,,,,,,,,,,,,,,,,,,,,,,,,,,,,,,,,,,,,,,,,,,,,,,,,,,,,,,,,,,,,,,,,,,,,,,,,,,,,,,,,,,,,,,,,,,,,,,,,,,,,,,,,,,,,,,,,,,,,,,
gonka1369ax8kr4ma8zu708jr3x2r902lfs8tcguyxl8,554.480112235,554.480112235,1,1,1701,0,1701,0,1701,1701,False,530.344065819,530.344065819,530.344065819,0,530.344065819,530.344065819,,0,0,0,0,False,False,1701,0,1701,0,1701,1701,False,537.667680479,537.667680479,537.667680479,0,537.667680479,537.667680479,,0,0,0,0,False,False,1701,0,1701,0,0,0,True,0,554.480112235,554.480112235,0,0,0,excluded:failed_confirmation_poc,0,554.480112235,554.480112235,1,True,True,,,,,,,,,,,,,,,,,,,,,,,,,,,,,,,,,,,,,,,,,,,,,,,,,,,,,,,,,,,,,,,,,,,,,,,,,,,,,,,,,,,,,,,,,,,,,,,,,,,,,,,,,,,,,,,,,,,,,,,,,,,,,,,,,,,,,,,,,,,,,,,,,,,,,,,,,,,,,,,,
gonka1fwjwxw6cvspwautdrhr2jf4mfayy074t5npwnx,552.48070819,552.48070819,1,1,1772,0,1772,0,0,0,True,0,552.48070819,552.48070819,0,0,0,excluded:failed_confirmation_poc,0,552.48070819,552.48070819,1,True,True,,,,,,,,,,,,,,,,,,,,,,,,,,,,,,,,,,,,,,,,,,,,,,,,,,,,,,,,,,,,,,,,,,,,,,,,,,,,,,,,,,,,,,,,,,,,,,,,,,,,,,,,,,,,,,,,,,,,,,,,,,,,,,,,,,,,,,,,,,,,,,,,,,,,,,,,,,,,,,,,,,,,,,,,,,,,,,,,,,,,,,,,,,,,,,,,,,,,,,,,
gonka1usmu5mfu8vsafvsrsvdutl50vy8kumdhv0j2x9,552.211430334,552.211430334,1,1,,,,,,,,,,,,,,,,,,,,,,,,,,,,,,,,,,,,,,,,,31,0,31,31,31,0,False,10.105163715,10.105163715,10.105163715,10.105163715,10.105163715,10.105163715,,0,0,0,0,False,False,1650,0,1650,0,0,1650,True,0,552.211430334,552.211430334,0,552.211430334,0,excluded:failed_confirmation_poc,0,552.211430334,552.211430334,1,True,True,,,,,,,,,,,,,,,,,,,,,,,,,,,,,,,,,,,,,,,,,,,,,,,,,,,,,,,,,,,,,,,,,,,,,,,,,,,,,,,,,,,,,,,,,,,,,,,,,,,,,,,,,,,,,,,,,,,,,,,,,,,,,,,,,,,,,,,,,,,,
gonka15rvksn9gxgpszyr8270cd4wj2x3d460r394uv4,552.211430334,552.211430334,1,1,,,,,,,,,,,,,,,,,,,,,31,0,31,31,31,0,False,9.798764312,9.798764312,9.798764312,9.798764312,9.798764312,9.798764312,,0,0,0,0,False,False,1650,0,1650,0,1650,1650,False,537.855488058,537.855488058,537.855488058,0,537.855488058,537.855488058,,0,0,0,0,False,False,1650,0,1650,0,0,0,True,0,552.211430334,552.211430334,0,0,0,excluded:failed_confirmation_poc,0,552.211430334,552.211430334,1,True,True,,,,,,,,,,,,,,,,,,,,,,,,,,,,,,,,,,,,,,,,,,,,,,,,,,,,,,,,,,,,,,,,,,,,,,,,,,,,,,,,,,,,,,,,,,,,,,,,,,,,,,,,,,,,,,,,,,,,,,,,,,,,,,,,,,,,,,,,,,,,
gonka19qkysq3adu5lrasgvgy7ecd78erz7jndye92jv,549.679068991,549.679068991,1,1,1739,0,1739,0,1739,1739,False,542.191846243,542.191846243,542.191846243,0,542.191846243,542.191846243,,0,0,0,0,False,False,1739,0,1739,0,0,0,True,0,549.679068991,549.679068991,0,0,0,excluded:failed_confirmation_poc,0,549.679068991,549.679068991,1,True,True,,,,,,,,,,,,,,,,,,,,,,,,,,,,,,,,,,,,,,,,,,,,,,,,,,,,,,,,,,,,,,,,,,,,,,,,,,,,,,,,,,,,,,,,,,,,,,,,,,,,,,,,,,,,,,,,,,,,,,,,,,,,,,,,,,,,,,,,,,,,,,,,,,,,,,,,,,,,,,,,,,,,,,,,,,,,,,,,,,,,
gonka1ql9asemklpkpr2d4mh33xw5gj0g5tm0v98c5q3,548.864694392,548.864694392,1,1,,,,,,,,,,,,,,,,,,,,,31,0,31,31,31,0,False,9.798764312,9.798764312,9.798764312,9.798764312,9.798764312,9.798764312,,0,0,0,0,False,False,1640,0,1640,0,1640,1640,False,534.595757828,534.595757828,534.595757828,0,534.595757828,534.595757828,,0,0,0,0,False,False,1640,0,1640,0,0,1640,True,0,548.864694392,548.864694392,0,548.864694392,0,excluded:failed_confirmation_poc,0,548.864694392,548.864694392,1,True,True,,,,,,,,,,,,,,,,,,,,,,,,,,,,,,,,,,,,,,,,,,,,,,,,,,,,,,,,,,,,,,,,,,,,,,,,,,,,,,,,,,,,,,,,,,,,,,,,,,,,,,,,,,,,,,,,,,,,,,,,,,,,,,,,,,,,,,,,,,,,
gonka1psgzz288a434dv6863ldd73xma70zw7387muj2,548.864694392,548.864694392,1,1,,,,,,,,,,,,,,,,,,,,,31,0,31,31,31,0,False,9.798764312,9.798764312,9.798764312,9.798764312,9.798764312,9.798764312,,0,0,0,0,False,False,1640,0,1640,0,1640,1640,False,534.595757828,534.595757828,534.595757828,0,534.595757828,534.595757828,,0,0,0,0,False,False,1640,0,1640,0,0,1640,True,0,548.864694392,548.864694392,0,548.864694392,0,excluded:failed_confirmation_poc,0,548.864694392,548.864694392,1,True,True,,,,,,,,,,,,,,,,,,,,,,,,,,,,,,,,,,,,,,,,,,,,,,,,,,,,,,,,,,,,,,,,,,,,,,,,,,,,,,,,,,,,,,,,,,,,,,,,,,,,,,,,,,,,,,,,,,,,,,,,,,,,,,,,,,,,,,,,,,,,
gonka1vcawx5jc2hahydd9sqw30hlxyd9ppupm9ez0yz,542.17122251,542.17122251,1,1,,,,,,,,,,,,,,,,,,,,,,,,,,,,,,,,,,,,,,,,,31,0,31,31,31,0,False,10.105163715,10.105163715,10.105163715,10.105163715,10.105163715,10.105163715,,0,0,0,0,False,False,1620,0,1620,0,0,1620,True,0,542.17122251,542.17122251,0,542.17122251,0,excluded:failed_confirmation_poc,0,542.17122251,542.17122251,1,True,True,,,,,,,,,,,,,,,,,,,,,,,,,,,,,,,,,,,,,,,,,,,,,,,,,,,,,,,,,,,,,,,,,,,,,,,,,,,,,,,,,,,,,,,,,,,,,,,,,,,,,,,,,,,,,,,,,,,,,,,,,,,,,,,,,,,,,,,,,,,,
gonka1wfn87ruutktth7l8ne3rvhmlsscqxah09kua02,531.336027597,531.336027597,1,1,,,,,,,,,,,,,,,,,,,,,31,0,31,31,31,0,False,9.798764312,9.798764312,9.798764312,9.798764312,9.798764312,9.798764312,,0,0,0,0,False,False,1630,0,1630,0,0,0,True,0,531.336027597,531.336027597,0,0,0,excluded:failed_confirmation_poc,0,531.336027597,531.336027597,1,True,True,,,,,,,,,,,,,,,,,,,,,,,,,,,,,,,,,,,,,,,,,,,,,,,,,,,,,,,,,,,,,,,,,,,,,,,,,,,,,,,,,,,,,,,,,,,,,,,,,,,,,,,,,,,,,,,,,,,,,,,,,,,,,,,,,,,,,,,,,,,,,,,,,,,,,,,,,,,,,,,,
gonka12fdlw5g8wex6v74nd42vfhnympsz5kn8p3adh5,529.720498428,529.720498428,1,1,1699,0,1699,0,0,0,True,0,529.720498428,529.720498428,0,0,0,excluded:failed_confirmation_poc,0,529.720498428,529.720498428,1,True,True,,,,,,,,,,,,,,,,,,,,,,,,,,,,,,,,,,,,,,,,,,,,,,,,,,,,,,,,,,,,,,,,,,,,,,,,,,,,,,,,,,,,,,,,,,,,,,,,,,,,,,,,,,,,,,,,,,,,,,,,,,,,,,,,,,,,,,,,,,,,,,,,,,,,,,,,,,,,,,,,,,,,,,,,,,,,,,,,,,,,,,,,,,,,,,,,,,,,,,,,
gonka1p60lruhxmwcsa9taa28cp4k4f6kv2kvyu5h5ep,528.365917413,528.365917413,2,2,1093,0,1093,1001,1001,0,False,312.095479062,340.779579036,340.779579036,312.095479062,312.095479062,312.095479062,,0,28.684099974,28.684099974,0.084172003660377219575784557487441921895361255821514,False,False,1022,0,1022,1020,1020,0,False,322.410954785,323.043133127,323.043133127,322.410954785,322.410954785,322.410954785,,0,0.632178342,0.632178342,0.0019569471602154988716402513447072347432383934550583,False,False,1053,0,1053,0,1053,1053,False,343.249593288,343.249593288,343.249593288,0,343.249593288,343.249593288,,0,0,0,0,False,False,1053,0,1053,378,0,0,False,0,352.411294631,352.411294631,126.506618585,126.506618585,0,downtime_punishment(88.06%),0,352.411294631,352.411294631,1,True,True,378,675,1053,0,0,0,True,0,146.638344466,408.492531012,0,0,0,excluded:failed_confirmation_poc,0,146.638344466,146.638344466,1,True,True,,,,,,,,,,,,,,,,,,,,,,,,,,,,,,,,,,,,,,,,,,,,,,,,,,,,,,,,,,,,,,,,,,,,,,,,,,,,,,,,,,,,,,,,,,,,,,,,,,,,,,,,,,,,,,,,,,,,,,,,
gonka1x20c5d9wzatlr0t69xjm05x9uemq9mnk00udfa,527.868916167,527.868916167,1,1,31,0,31,31,31,0,False,9.665294556,9.665294556,9.665294556,9.665294556,9.665294556,9.665294556,,0,0,0,0,False,False,1670,0,1670,0,0,0,True,0,527.868916167,527.868916167,0,0,0,excluded:failed_confirmation_poc,0,527.868916167,527.868916167,1,True,True,,,,,,,,,,,,,,,,,,,,,,,,,,,,,,,,,,,,,,,,,,,,,,,,,,,,,,,,,,,,,,,,,,,,,,,,,,,,,,,,,,,,,,,,,,,,,,,,,,,,,,,,,,,,,,,,,,,,,,,,,,,,,,,,,,,,,,,,,,,,,,,,,,,,,,,,,,,,,,,,,,,,,,,,,,,,,,,,,,,,
gonka1edyd5lny4esrc35f6egjukmnfseyyyj4vn54mc,526.290877779,526.290877779,1,1,1688,0,1688,0,0,0,True,0,526.290877779,526.290877779,0,0,0,excluded:failed_confirmation_poc,0,526.290877779,526.290877779,1,True,True,,,,,,,,,,,,,,,,,,,,,,,,,,,,,,,,,,,,,,,,,,,,,,,,,,,,,,,,,,,,,,,,,,,,,,,,,,,,,,,,,,,,,,,,,,,,,,,,,,,,,,,,,,,,,,,,,,,,,,,,,,,,,,,,,,,,,,,,,,,,,,,,,,,,,,,,,,,,,,,,,,,,,,,,,,,,,,,,,,,,,,,,,,,,,,,,,,,,,,,,
gonka10snluhflqhmwl5xrpuy9ugevypxdjjsft370fq,525.437542802,525.437542802,1,1,685,0,685,0,685,685,False,213.571831326,213.571831326,213.571831326,0,213.571831326,213.571831326,,0,0,0,0,False,False,685,0,685,0,685,685,False,216.52108238,216.52108238,216.52108238,0,216.52108238,216.52108238,,0,0,0,0,False,False,685,0,685,685,685,0,False,223.2915208,223.2915208,223.2915208,223.2915208,223.2915208,223.2915208,,0,0,0,0,False,False,1570,0,1570,0,0,1570,True,0,525.437542802,525.437542802,0,525.437542802,0,excluded:failed_confirmation_poc,0,525.437542802,525.437542802,1,True,True,,,,,,,,,,,,,,,,,,,,,,,,,,,,,,,,,,,,,,,,,,,,,,,,,,,,,,,,,,,,,,,,,,,,,,,,,,,,,,,,,,,,,,,,,,,,,,,,,,,,,,,,,,,,,,,,,,,,,,,,,,,,,,,,,,,,,,,,,,,,
gonka1slndy4rsmld579628302rj5gz8z9qf4v6ppmc4,525.152402119,525.152402119,0,1,2246,0,2246,2146,2146,0,False,669.087810257,700.266179794,700.266179794,669.087810257,669.087810257,669.087810257,,0,31.178369537,31.178369537,0.044523597507124877980638340786372830688457356489531,False,False,2227,0,2227,2197,2197,0,False,694.447909473,703.930584614,703.930584614,694.447909473,694.447909473,694.447909473,,0,9.482675141,9.482675141,0.013471037270244224984647130858895401613404289036218,False,False,2166,0,2166,0,2166,2166,False,706.05756796,706.05756796,706.05756796,0,706.05756796,706.05756796,,0,0,0,0,False,False,2166,0,2166,778,778,0,False,260.376056242,724.903004911,724.903004911,260.376056242,260.376056242,260.376056242,,0,464.526948669,464.526948669,0.64081255771043785042142150960942217966835242183950,False,True,778,1388,2166,778,778,0,False,301.811195753,301.811195753,840.260989718,301.811195753,301.811195753,301.811195753,,0,0,0,0,False,False,778,1388,2166,778,778,0,False,281.871216659,281.871216659,784.746857692,281.871216659,281.871216659,281.871216659,,0,0,0,0,False,False,662,1388,2050,778,662,0,False,267.630522672,267.630522672,828.765213714,267.630522672,267.630522672,267.630522672,,0,0,0,0,False,False,1931,0,1931,2216,1884,0,False,800.275449536,820.239858308,820.239858308,820.239858308,820.239858308,800.275449536,,0,19.964408772,19.964408772,0.024339720351048054204502214405939436757986288296832,False,False,1931,0,1931,2271,1931,0,False,671.948738778,671.948738778,671.948738778,671.948738778,671.948738778,671.948738778,,0,0,0,0,False,False,1931,0,1931,2271,1931,0,False,537.915635078,537.915635078,537.915635078,537.915635078,537.915635078,537.915635078,,0,0,0,0,False,False,1931,0,1931,2271,1931,0,False,466.266618625,466.266618625,466.266618625,466.266618625,466.266618625,466.266618625,,0,0,0,0,False,False
gonka14g78ez2zy08k8sssue483zmfpgd4qut8zcwlqc,522.07766479,522.07766479,1,1,,,,,,,,,,,,,,,,,,,,,,,,,,,,,,,,,,,,,,,,,,,,,,,,,,,,,,,,,,,,,,,,,,,,,,,,,,,,,,,,,,,,,,,,,,,,,,,,,,,,,1441,0,1441,0,0,0,True,0,522.07766479,522.07766479,0,0,0,excluded:failed_confirmation_poc,0,522.07766479,522.07766479,1,True,True,,,,,,,,,,,,,,,,,,,,,1697,0,1697,1996,1697,0,False,720.842589099,720.842589099,720.842589099,720.842589099,720.842589099,720.842589099,,0,0,0,0,False,False,,,,,,,,,,,,,,,,,,,,,,,,,,,,,,,,,,,,,,,,,,,,,,,,,,,,,,,,,,,,
gonka1upq4e3ahzea8mu5mhrdptff94xru98lx47h43z,521.54713274,521.54713274,1,1,31,0,31,31,31,0,False,9.665294556,9.665294556,9.665294556,9.665294556,9.665294556,9.665294556,,0,0,0,0,False,False,1650,0,1650,0,0,0,True,0,521.54713274,521.54713274,0,0,0,excluded:failed_confirmation_poc,0,521.54713274,521.54713274,1,True,True,,,,,,,,,,,,,,,,,,,,,,,,,,,,,,,,,,,,,,,,,,,,,,,,,,,,,,,,,,,,,,,,,,,,,,,,,,,,,,,,,,,,,,,,,,,,,,,,,,,,,,,,,,,,,,,,,,,,,,,,,,,,,,,,,,,,,,,,,,,,,,,,,,,,,,,,,,,,,,,,,,,,,,,,,,,,,,,,,,,,
gonka1dhn7hjn6udpyv6gkhfulnalufv4947a4e9kyne,520.678771262,520.678771262,1,1,1670,0,1670,0,0,0,True,0,520.678771262,520.678771262,0,0,0,excluded:failed_confirmation_poc,0,520.678771262,520.678771262,1,True,True,,,,,,,,,,,,,,,,,,,,,,,,,,,,,,,,,,,,,,,,,,,,,,,,,,,,,,,,,,,,,,,,,,,,,,,,,,,,,,,,,,,,,,,,,,,,,,,,,,,,,,,,,,,,,,,,,,,,,,,,,,,,,,,,,,,,,,,,,,,,,,,,,,,,,,,,,,,,,,,,,,,,,,,,,,,,,,,,,,,,,,,,,,,,,,,,,,,,,,,,
gonka1yt2s5u5k06rm2au8dsqm4kzwmw7klqsrd6xd95,520.434495201,520.434495201,2,2,38,0,38,0,0,0,True,0,11.847780423,11.847780423,0,0,0,excluded:failed_confirmation_poc,0,11.847780423,11.847780423,1,True,True,2488,0,2488,2429,2429,0,False,767.780597228,786.429858338,786.429858338,767.780597228,767.780597228,767.780597228,,0,18.64926111,18.64926111,0.023713826366425582341188466382819227042378013653287,False,False,1503,0,1503,0,0,0,True,0,489.937453668,489.937453668,0,0,0,excluded:failed_confirmation_poc,0,489.937453668,489.937453668,1,True,True,,,,,,,,,,,,,,,,,,,,,,,,,,,,,,,,,,,,,,,,,,,,,,,,,,,,,,,,,,,,,,,,,,,,,,,,,,,,,,,,,,,,,,,,,,,,,,,,,,,,,,,,,,,,,,,,,,,,,,,,,,,,,,,,,,,,,,,,,,,,,,,,,,,,,,,,,,,,,,,,
gonka17akw9frq5grupdh9fwtc4mym3fgcujf9esdmta,520.055203872,520.055203872,1,1,1668,0,1668,0,0,0,True,0,520.055203872,520.055203872,0,0,0,excluded:failed_confirmation_poc,0,520.055203872,520.055203872,1,True,True,,,,,,,,,,,,,,,,,,,,,,,,,,,,,,,,,,,,,,,,,,,,,,,,,,,,,,,,,,,,,,,,,,,,,,,,,,,,,,,,,,,,,,,,,,,,,,,,,,,,,,,,,,,,,,,,,,,,,,,,,,,,,,,,,,,,,,,,,,,,,,,,,,,,,,,,,,,,,,,,,,,,,,,,,,,,,,,,,,,,,,,,,,,,,,,,,,,,,,,,
gonka1yrfq267gf5jz76m3j5sln7f5h00t9g6fmat4gp,518.386241026,518.386241026,1,1,31,0,31,31,31,0,False,9.665294556,9.665294556,9.665294556,9.665294556,9.665294556,9.665294556,,0,0,0,0,False,False,1640,0,1640,0,0,0,True,0,518.386241026,518.386241026,0,0,0,excluded:failed_confirmation_poc,0,518.386241026,518.386241026,1,True,True,,,,,,,,,,,,,,,,,,,,,,,,,,,,,,,,,,,,,,,,,,,,,,,,,,,,,,,,,,,,,,,,,,,,,,,,,,,,,,,,,,,,,,,,,,,,,,,,,,,,,,,,,,,,,,,,,,,,,,,,,,,,,,,,,,,,,,,,,,,,,,,,,,,,,,,,,,,,,,,,,,,,,,,,,,,,,,,,,,,,
gonka13kd0e5393704ummmwf7pqvphlm5qsqdpe3kal2,517.437973512,517.437973512,1,1,1637,0,1637,0,1637,1637,False,510.389909315,510.389909315,510.389909315,0,510.389909315,510.389909315,,0,0,0,0,False,False,1637,0,1637,0,0,0,True,0,517.437973512,517.437973512,0,0,0,excluded:failed_confirmation_poc,0,517.437973512,517.437973512,1,True,True,,,,,,,,,,,,,,,,,,,,,,,,,,,,,,,,,,,,,,,,,,,,,,,,,,,,,,,,,,,,,,,,,,,,,,,,,,,,,,,,,,,,,,,,,,,,,,,,,,,,,,,,,,,,,,,,,,,,,,,,,,,,,,,,,,,,,,,,,,,,,,,,,,,,,,,,,,,,,,,,,,,,,,,,,,,,,,,,,,,,
gonka15pgw0fe32rv78hdj2clch9acy0mv08j7xkrmxz,512.064457599,512.064457599,1,1,1620,0,1620,0,1620,1620,False,505.089586494,505.089586494,505.089586494,0,505.089586494,505.089586494,,0,0,0,0,False,False,1620,0,1620,0,0,0,True,0,512.064457599,512.064457599,0,0,0,excluded:failed_confirmation_poc,0,512.064457599,512.064457599,1,True,True,,,,,,,,,,,,,,,,,,,,,,,,,,,,,,,,,,,,,,,,,,,,,,,,,,,,,,,,,,,,,,,,,,,,,,,,,,,,,,,,,,,,,,,,,,,,,,,,,,,,,,,,,,,,,,,,,,,,,,,,,,,,,,,,,,,,,,,,,,,,,,,,,,,,,,,,,,,,,,,,,,,,,,,,,,,,,,,,,,,,
gonka1l7p83akwkcxtksnwve23x5wp47zammznm4qus8,511.45167319,511.45167319,1,1,,,,,,,,,,,,,,,,,,,,,31,0,31,31,31,0,False,9.798764312,9.798764312,9.798764312,9.798764312,9.798764312,9.798764312,,0,0,0,0,False,False,1569,0,1569,0,0,0,True,0,511.45167319,511.45167319,0,0,0,excluded:failed_confirmation_poc,0,511.45167319,511.45167319,1,True,True,,,,,,,,,,,,,,,,,,,,,,,,,,,,,,,,,,,,,,,,,,,,,,,,,,,,,,,,,,,,,,,,,,,,,,,,,,,,,,,,,,,,,,,,,,,,,,,,,,,,,,,,,,,,,,,,,,,,,,,,,,,,,,,,,,,,,,,,,,,,,,,,,,,,,,,,,,,,,,,,
gonka1sq6myvv8r263v4ll5l3ny790nsg5s4507crtqr,508.207423448,508.207423448,1,1,1630,0,1630,0,0,0,True,0,508.207423448,508.207423448,0,0,0,excluded:failed_confirmation_poc,0,508.207423448,508.207423448,1,True,True,,,,,,,,,,,,,,,,,,,,,,,,,,,,,,,,,,,,,,,,,,,,,,,,,,,,,,,,,,,,,,,,,,,,,,,,,,,,,,,,,,,,,,,,,,,,,,,,,,,,,,,,,,,,,,,,,,,,,,,,,,,,,,,,,,,,,,,,,,,,,,,,,,,,,,,,,,,,,,,,,,,,,,,,,,,,,,,,,,,,,,,,,,,,,,,,,,,,,,,,
gonka1qx4f2vzhccv0ndhssfgafvf55xf4smuzjmkvky,508.191942959,508.191942959,1,1,31,0,31,31,31,0,False,9.665294556,9.665294556,9.665294556,9.665294556,9.665294556,9.665294556,,0,0,0,0,False,False,1559,0,1559,0,1559,1559,False,492.783018146,492.783018146,492.783018146,0,492.783018146,492.783018146,,0,0,0,0,False,False,1559,0,1559,0,0,0,True,0,508.191942959,508.191942959,0,0,0,excluded:failed_confirmation_poc,0,508.191942959,508.191942959,1,True,True,,,,,,,,,,,,,,,,,,,,,,,,,,,,,,,,,,,,,,,,,,,,,,,,,,,,,,,,,,,,,,,,,,,,,,,,,,,,,,,,,,,,,,,,,,,,,,,,,,,,,,,,,,,,,,,,,,,,,,,,,,,,,,,,,,,,,,,,,,,,,,,,,,,,,,,,,,,,,,,,
gonka1u4zxypjgcr8khlzefwjr0vwdaj2uzruw2cehj3,506.757229481,506.757229481,0,1,1968,0,1968,1962,1962,0,False,611.71961031,613.590312482,613.590312482,611.71961031,611.71961031,611.71961031,,0,1.870702172,1.870702172,0.0030487804874769401591140422753399529282107418420296,False,False,1994,0,1994,1971,1971,0,False,623.011756746,630.281807687,630.281807687,623.011756746,623.011756746,623.011756746,,0,7.270050941,7.270050941,0.011534603811078632612013469390124323434556298085342,False,False,1994,0,1994,1981,1981,0,False,645.752558693,649.990207993,649.990207993,645.752558693,645.752558693,645.752558693,,0,4.2376493,4.2376493,0.0065195586762526073480998782237604095530717946859770,False,False,2087,0,2087,749,749,0,False,250.670522012,698.463790974,698.463790974,250.670522012,250.670522012,250.670522012,,0,447.793268962,447.793268962,0.64111164350775758786786085133590609013364525054309,False,True,2111,0,2111,2111,2111,0,False,818.924722666,818.924722666,818.924722666,818.924722666,818.924722666,818.924722666,,0,0,0,0,False,False,2111,0,2111,2039,2039,0,False,738.734461142,764.820229265,764.820229265,738.734461142,738.734461142,738.734461142,,0,26.085768123,26.085768123,0.034107058266579438969515604526561711537131879971051,False,False,1785,0,1785,2100,1785,0,False,721.632149502,721.632149502,721.632149502,721.632149502,721.632149502,721.632149502,,0,0,0,0,False,False,1778,0,1778,2091,1778,0,False,755.249336133,755.249336133,755.249336133,755.249336133,755.249336133,755.249336133,,0,0,0,0,False,False,1778,0,1778,2091,1778,0,False,618.707849584,618.707849584,618.707849584,618.707849584,618.707849584,618.707849584,,0,0,0,0,False,False,1778,0,1778,2009,1708,0,False,475.794875563,495.294665546,495.294665546,495.294665546,495.294665546,475.794875563,,0,19.499789983,19.499789983,0.039370078741922118234224314619083418186990674874124,False,False,1778,0,1778,2091,1778,0,False,429.322655575,429.322655575,429.322655575,429.322655575,429.322655575,429.322655575,,0,0,0,0,False,False
gonka1uhqpup9fev3zahlx6n326lp0krznc6usjtx6lu,499.440421591,499.440421591,0,0,,,,,,,,,,,,,,,,,,,,,,,,,,,,,,,,,,,,,,,,,,,,,,,,,,,,,,,,,,,,,,,,,,,,,,,,,,,,,,,,,,,,,,,,,,,,,,,,,,,,,,,,,,,,,,,,,,,,,,,,,,,,,,,,,,,,,,,,,,,,,13786,0,13786,15876,13495,0,False,5732.333965758,5855.943390288,5855.943390288,5855.943390288,5855.943390288,5732.333965758,,0,123.60942453,123.60942453,0.021108370810927663220879058564872299958028927873923,False,False,15457,0,15457,15888,15094,0,False,5252.405107777,5378.721727236,5378.721727236,5378.721727236,5378.721727236,5252.405107777,,0,126.316619459,126.316619459,0.023484505401976088644218058295538318010154414695862,False,False,15048,0,15048,15584,14805,0,False,4124.20558122,4191.897709301,4191.897709301,4191.897709301,4191.897709301,4124.20558122,,0,67.692128081,67.692128081,0.016148325358895191034102723497238629833973167788473,False,False,15370,0,15370,15386,14617,0,False,3529.476522239,3711.29877176,3711.29877176,3711.29877176,3711.29877176,3529.476522239,,0,181.822249521,181.822249521,0.048991541964910274831297916846752724882269503785384,False,False
gonka1h2m79scgaq6ultrwge03wjk0ys4whgcejphmql,492.225154799,492.225154799,1,1,,,,,,,,,,,,,,,,,,,,,,,,,,,,,,,,,,,,,,,,,,,,,,,,,,,,,,,,,,,,,,,,,,,,,,,,,,,,,,,,,,,,,,,,,,,,,,,,,,,,,,,,,,,,,,,,,,,,,,,,,344,0,344,1970,334,0,False,135.028088478,139.070845618,139.070845618,139.070845618,139.070845618,135.028088478,,0,4.04275714,4.04275714,0.029069767441442408156710285028850179576967329287704,False,False,341,0,341,2005,341,0,False,144.848157267,144.848157267,144.848157267,144.848157267,144.848157267,144.848157267,,0,0,0,0,False,False,1805,0,1805,1963,1767,0,False,614.880073237,628.103300618,628.103300618,628.103300618,628.103300618,614.880073237,,0,13.223227381,13.223227381,0.021052631578260253822317384955321610470142800920568,False,False,1705,0,1705,0,0,0,True,0,474.959170278,474.959170278,0,0,0,excluded:failed_confirmation_poc,0,474.959170278,474.959170278,1,True,True,,,,,,,,,,,,,,,,,,,,
gonka1xmgcpaw6n57ewn6s2fhggxaakemaaxuv4pdpmq,486.382564772,486.382564772,1,1,1560,0,1560,0,0,0,True,0,486.382564772,486.382564772,0,0,0,excluded:failed_confirmation_poc,0,486.382564772,486.382564772,1,True,True,,,,,,,,,,,,,,,,,,,,,,,,,,,,,,,,,,,,,,,,,,,,,,,,,,,,,,,,,,,,,,,,,,,,,,,,,,,,,,,,,,,,,,,,,,,,,,,,,,,,,,,,,,,,,,,,,,,,,,,,,,,,,,,,,,,,,,,,,,,,,,,,,,,,,,,,,,,,,,,,,,,,,,,,,,,,,,,,,,,,,,,,,,,,,,,,,,,,,,,,
gonka125xgn4z89quhrjhv6qfgn83wqwlaykxs8upjrt,483.743966229,483.743966229,1,1,1484,0,1484,0,1484,1484,False,462.687003924,462.687003924,462.687003924,0,462.687003924,462.687003924,,0,0,0,0,False,False,1484,0,1484,0,1484,1484,False,469.076330295,469.076330295,469.076330295,0,469.076330295,469.076330295,,0,0,0,0,False,False,1484,0,1484,0,0,0,True,0,483.743966229,483.743966229,0,0,0,excluded:failed_confirmation_poc,0,483.743966229,483.743966229,1,True,True,,,,,,,,,,,,,,,,,,,,,,,,,,,,,,,,,,,,,,,,,,,,,,,,,,,,,,,,,,,,,,,,,,,,,,,,,,,,,,,,,,,,,,,,,,,,,,,,,,,,,,,,,,,,,,,,,,,,,,,,,,,,,,,,,,,,,,,,,,,,,,,,,,,,,,,,,,,,,,,,
gonka12kqft8tme0z5zm6skx8zwja7aq8knqc0udfcwp,474.449846208,474.449846208,1,1,1501,0,1501,0,1501,1501,False,467.987326745,467.987326745,467.987326745,0,467.987326745,467.987326745,,0,0,0,0,False,False,1501,0,1501,0,0,0,True,0,474.449846208,474.449846208,0,0,0,excluded:failed_confirmation_poc,0,474.449846208,474.449846208,1,True,True,,,,,,,,,,,,,,,,,,,,,,,,,,,,,,,,,,,,,,,,,,,,,,,,,,,,,,,,,,,,,,,,,,,,,,,,,,,,,,,,,,,,,,,,,,,,,,,,,,,,,,,,,,,,,,,,,,,,,,,,,,,,,,,,,,,,,,,,,,,,,,,,,,,,,,,,,,,,,,,,,,,,,,,,,,,,,,,,,,,,
gonka1uf5cg7ef0ns6877nl27y0s6rt06cdmn40k5a88,473.471194384,429.465224437,1,1,,,,,,,,,,,,,,,,,,,,,178,0,178,562,178,0,False,35.401987192,56.263872501,56.263872501,56.263872501,56.263872501,56.263872501,,20.861885309,20.861885309,0,0,False,False,182,0,182,557,182,0,False,36.18300556,59.327090198,59.327090198,59.327090198,59.327090198,59.327090198,,23.144084638,23.144084638,0,0,False,False,178,0,178,0,0,894,False,0,59.571899757,59.571899757,0,59.571899757,0,zero_confirmation_weight,0,59.571899757,59.571899757,1,True,True,183,0,183,580,116,0,False,45.000126873,70.991579463,70.991579463,70.991579463,70.991579463,45.000126873,,0,25.99145259,25.99145259,0.36612021857530931661108406123870099644468308904795,False,False,992,0,992,992,992,0,False,359.403916357,359.403916357,359.403916357,359.403916357,359.403916357,359.403916357,,0,0,0,0,False,False,828,0,828,620,527,0,False,213.053301281,334.740291197,334.740291197,250.650942684,250.650942684,213.053301281,,0,121.686989916,121.686989916,0.36352657004885398065324549117784759958269864467020,False,False,840,0,840,624,530,0,False,225.130567013,356.810709984,356.810709984,265.059384559,265.059384559,225.130567013,,0,131.680142971,131.680142971,0.36904761904962090937459230007415830315515622513260,False,False,840,0,840,988,840,0,False,292.302921063,292.302921063,292.302921063,292.302921063,292.302921063,292.302921063,,0,0,0,0,False,False,840,0,840,606,515,0,False,143.462740582,233.997479785,233.997479785,168.812467559,168.812467559,143.462740582,,0,90.534739203,90.534739203,0.38690476190677149091501271956744036178081780104160,False,False,941,0,941,990,941,0,False,227.217445948,227.217445948,227.217445948,227.217445948,227.217445948,227.217445948,,0,0,0,0,False,False
gonka1p3hklp6flhdffdkwr70azcsum77fha3ecqwgg0,467.987326745,467.987326745,1,1,1501,0,1501,0,0,0,True,0,467.987326745,467.987326745,0,0,0,excluded:failed_confirmation_poc,0,467.987326745,467.987326745,1,True,True,,,,,,,,,,,,,,,,,,,,,,,,,,,,,,,,,,,,,,,,,,,,,,,,,,,,,,,,,,,,,,,,,,,,,,,,,,,,,,,,,,,,,,,,,,,,,,,,,,,,,,,,,,,,,,,,,,,,,,,,,,,,,,,,,,,,,,,,,,,,,,,,,,,,,,,,,,,,,,,,,,,,,,,,,,,,,,,,,,,,,,,,,,,,,,,,,,,,,,,,
gonka19f9hkpmjaldncsfly4j63sy932y8hughn4l3d8,447.978567457,447.978567457,0,1,1798,0,1798,1727,1727,0,False,538.450441898,560.587084269,560.587084269,538.450441898,538.450441898,538.450441898,,0,22.136642371,22.136642371,0.039488320355910379526796425276347896735812799743467,False,False,1822,0,1822,903,1814,911,False,573.385756843,575.914470214,575.914470214,285.428521736,573.385756843,573.385756843,,0,2.528713371,2.528713371,0.0043907793635752427199735024159501852471021614669972,False,False,1822,0,1822,866,1777,911,False,579.254061988,593.922848026,593.922848026,282.292637975,579.254061988,579.254061988,,0,14.668786038,14.668786038,0.024698133918831572746819767251288985689041022331717,False,False,1825,0,1825,655,655,0,False,219.211204163,610.779309309,610.779309309,219.211204163,219.211204163,219.211204163,,0,391.568105146,391.568105146,0.64109589041088713413347778543158763798535850510045,False,True,1830,0,1830,1830,1830,0,False,709.915794637,709.915794637,709.915794637,709.915794637,709.915794637,709.915794637,,0,0,0,0,False,False,1830,0,1830,1830,1830,0,False,663.013273119,663.013273119,663.013273119,663.013273119,663.013273119,663.013273119,,0,0,0,0,False,False,1813,0,1813,1813,1813,0,False,732.951869494,732.951869494,732.951869494,732.951869494,732.951869494,732.951869494,,0,0,0,0,False,False,1535,0,1535,1799,1529,0,False,649.480447102,652.02909503,652.02909503,652.02909503,652.02909503,649.480447102,,0,2.548647928,2.548647928,0.0039087947875742203748941193931739754929260951694375,False,False,1715,0,1715,1802,1712,0,False,595.7411915,596.785130504,596.785130504,596.785130504,596.785130504,595.7411915,,0,1.043939004,1.043939004,0.0017492711373662533226446314528431795004125480334808,False,False,1715,0,1715,1779,1690,0,False,470.780643854,477.744854562,477.744854562,477.744854562,477.744854562,470.780643854,,0,6.964210708,6.964210708,0.014577259475426144882788222719135806393941140822011,False,False,1715,0,1715,1777,1688,0,False,407.590912604,414.110435495,414.110435495,414.110435495,414.110435495,407.590912604,,0,6.519522891,6.519522891,0.015743440232813735023985090264937130403043623980384,False,False
gonka1yukev873tps58s6rlkh6czs5rrqp2sdqw7pm58,374.249578887,374.249578887,1,1,31,0,31,31,31,0,False,9.665294556,9.665294556,9.665294556,9.665294556,9.665294556,9.665294556,,0,0,0,0,False,False,1184,0,1184,0,0,0,True,0,374.249578887,374.249578887,0,0,0,excluded:failed_confirmation_poc,0,374.249578887,374.249578887,1,True,True,,,,,,,,,,,,,,,,,,,,,,,,,,,,,,,,,,,,,,,,,,,,,,,,,,,,,,,,,,,,,,,,,,,,,,,,,,,,,,,,,,,,,,,,,,,,,,,,,,,,,,,,,,,,,,,,,,,,,,,,,,,,,,,,,,,,,,,,,,,,,,,,,,,,,,,,,,,,,,,,,,,,,,,,,,,,,,,,,,,,
gonka1k6p754pyhxud2399knyccgjpjvdafj2u9xlgyf,359.974088617,359.974088617,1,1,1033,0,1033,1011,1011,0,False,315.213316016,322.072557314,322.072557314,315.213316016,315.213316016,315.213316016,,0,6.859241298,6.859241298,0.021297192642565574161086968094020789292139137959116,False,False,1063,0,1063,0,1063,1063,False,336.002789153,336.002789153,336.002789153,0,336.002789153,336.002789153,,0,0,0,0,False,False,1063,0,1063,990,990,0,False,322.713292835,346.509323519,346.509323519,322.713292835,322.713292835,322.713292835,,0,23.796030684,23.796030684,0.068673565381553729701447641236910310196887686649099,False,False,984,0,984,0,0,984,True,0,329.318816635,329.318816635,0,329.318816635,0,excluded:failed_confirmation_poc,0,329.318816635,329.318816635,1,True,True,,,,,,,,,,,,,,,,,,,,,,,,,,,,,,,,,,,,,,,,,,,,,,,,,,,,,,,,,,,,,,,,,,,,,,,,,,,,,,,,,,,,,,,,,,,,,,,,,,,,,,,,,,,,,,,,,,,,,,,,,,,,,,,,,,,,,,,,,,,,
gonka1s43peau7vafujfxyape603yklhdzjh2stq702z,334.543905128,334.543905128,1,1,1073,0,1073,0,0,0,True,0,334.543905128,334.543905128,0,0,0,excluded:failed_confirmation_poc,0,334.543905128,334.543905128,1,True,True,,,,,,,,,,,,,,,,,,,,,,,,,,,,,,,,,,,,,,,,,,,,,,,,,,,,,,,,,,,,,,,,,,,,,,,,,,,,,,,,,,,,,,,,,,,,,,,,,,,,,,,,,,,,,,,,,,,,,,,,,,,,,,,,,,,,,,,,,,,,,,,,,,,,,,,,,,,,,,,,,,,,,,,,,,,,,,,,,,,,,,,,,,,,,,,,,,,,,,,,
gonka1eazh84v0e60s9m7exxp3nsadcfgvnsthgypjvl,311.581116146,311.581116146,1,1,931,0,931,0,931,931,False,290.270620386,290.270620386,290.270620386,0,290.270620386,290.270620386,,0,0,0,0,False,False,931,0,931,0,931,931,False,294.279018534,294.279018534,294.279018534,0,294.279018534,294.279018534,,0,0,0,0,False,False,931,0,931,0,931,931,False,303.480884474,303.480884474,303.480884474,0,303.480884474,303.480884474,,0,0,0,0,False,False,931,0,931,0,0,931,True,0,311.581116146,311.581116146,0,311.581116146,0,excluded:failed_confirmation_poc,0,311.581116146,311.581116146,1,True,True,,,,,,,,,,,,,,,,,,,,,,,,,,,,,,,,,,,,,,,,,,,,,,,,,,,,,,,,,,,,,,,,,,,,,,,,,,,,,,,,,,,,,,,,,,,,,,,,,,,,,,,,,,,,,,,,,,,,,,,,,,,,,,,,,,,,,,,,,,,,
gonka1uawu7tlxcuss8xk9m63fpjm86y58chsg5xwsjt,284.574449137,284.574449137,0,0,2398,0,2398,2398,2398,0,False,747.65730149,747.65730149,747.65730149,747.65730149,747.65730149,747.65730149,,0,0,0,0,False,False,2421,0,2421,2421,2421,0,False,765.251883857,765.251883857,765.251883857,765.251883857,765.251883857,765.251883857,,0,0,0,0,False,False,2371,0,2371,1498,1498,0,False,488.307588552,772.882037689,772.882037689,488.307588552,488.307588552,488.307588552,,0,284.574449137,284.574449137,0.36819907212219351826882821694143909638741993765482,False,False,,,,,,,,,,,,,,,,,,,,,,,,,,,,,,,,,,,,,,,,,,,,,,,,,,,,,,,,,,,,,,,,,,,,,,,,,,,,,,,,,,,,,,,,,,,,,,,,,,,,,,,,,,,,,,,,,,,,,,,,,,,,,,,,,,,,,,,,,,,,,,,,,,,,,,,,,,,,,,,,
gonka1x7zh2277spp7jfqjhv0g5mnezg290xdr4kpfnk,275.321894468,275.321894468,1,1,755,0,755,742,742,0,False,231.343501962,235.396690002,235.396690002,231.343501962,231.343501962,231.343501962,,0,4.05318804,4.05318804,0.017218543047336659295869141921274516290596316232904,False,False,789,0,789,739,739,0,False,233.589897633,249.394356201,249.394356201,233.589897633,233.589897633,233.589897633,,0,15.804458568,15.804458568,0.063371356147539912307977320970714182821709282197374,False,False,749,0,749,749,749,0,False,244.153794276,244.153794276,244.153794276,244.153794276,244.153794276,244.153794276,,0,0,0,0,False,False,755,0,755,0,0,755,False,0,252.678563577,252.678563577,0,252.678563577,0,zero_confirmation_weight,0,252.678563577,252.678563577,1,True,True,766,0,766,766,766,0,False,297.156010214,297.156010214,297.156010214,297.156010214,297.156010214,297.156010214,,0,0,0,0,False,False,973,0,973,973,973,0,False,352.520171992,352.520171992,352.520171992,352.520171992,352.520171992,352.520171992,,0,0,0,0,False,False,828,0,828,973,828,0,False,334.740291197,334.740291197,334.740291197,334.740291197,334.740291197,334.740291197,,0,0,0,0,False,False,828,0,828,973,828,0,False,351.713414127,351.713414127,351.713414127,351.713414127,351.713414127,351.713414127,,0,0,0,0,False,False,828,0,828,973,828,0,False,288.127165048,288.127165048,288.127165048,288.127165048,288.127165048,288.127165048,,0,0,0,0,False,False,828,0,828,962,818,0,False,227.868974362,230.654658645,230.654658645,230.654658645,230.654658645,227.868974362,,0,2.785684283,2.785684283,0.012077294685330590323312565582193424420179024734825,False,False,828,0,828,973,828,0,False,199.932035329,199.932035329,199.932035329,199.932035329,199.932035329,199.932035329,,0,0,0,0,False,False
gonka1qwfrtz9c7kcrfkrrlne2pkcye74mj6ce33xdkl,239.478979602,239.478979602,1,1,616,0,616,604,604,0,False,188.317352001,192.058756346,192.058756346,188.317352001,188.317352001,188.317352001,,0,3.741404345,3.741404345,0.019480519483630000491433047863561947882280181137542,False,False,607,0,607,593,593,0,False,187.440878615,191.866127014,191.866127014,187.440878615,187.440878615,187.440878615,,0,4.425248399,4.425248399,0.023064250411835855185810354254967866425064440217992,False,False,658,0,658,0,658,658,False,214.490249177,214.490249177,214.490249177,0,214.490249177,214.490249177,,0,0,0,0,False,False,658,0,658,0,0,0,True,0,220.215224945,220.215224945,0,0,0,excluded:failed_confirmation_poc,0,220.215224945,220.215224945,1,True,True,607,0,607,607,607,0,False,235.474801827,235.474801827,235.474801827,235.474801827,235.474801827,235.474801827,,0,0,0,0,False,False,591,0,591,588,588,0,False,213.033773002,214.120680007,214.120680007,213.033773002,213.033773002,213.033773002,,0,1.086907005,1.086907005,0.0050761421314581431605755828809994948635181036037966,False,False,503,0,503,591,503,0,False,203.350684145,203.350684145,203.350684145,203.350684145,203.350684145,203.350684145,,0,0,0,0,False,False,503,0,503,591,503,0,False,213.661651335,213.661651335,213.661651335,213.661651335,213.661651335,213.661651335,,0,0,0,0,False,False,503,0,503,591,503,0,False,175.03377297,175.03377297,175.03377297,175.03377297,175.03377297,175.03377297,,0,0,0,0,False,False,503,0,503,557,474,0,False,132.041435021,140.119919443,140.119919443,140.119919443,140.119919443,132.041435021,,0,8.078484422,8.078484422,0.057654075552664603882404331678887718071352445574786,False,False,517,0,517,599,509,0,False,122.905079689,124.836790175,124.836790175,124.836790175,124.836790175,122.905079689,,0,1.931710486,1.931710486,0.015473887812175157923151879854075237159949671062583,False,False
gonka1p2lhgng7tcqju7emk989s5fpdr7k2c3ek6h26m,231.016779660,231.016779660,1,1,646,0,646,613,613,0,False,191.123405259,201.412267207,201.412267207,191.123405259,191.123405259,191.123405259,,0,10.288861948,10.288861948,0.051083591335703979706009049592079348049041992828810,False,False,627,0,627,0,627,627,False,198.187910441,198.187910441,198.187910441,0,198.187910441,198.187910441,,0,0,0,0,False,False,627,0,627,0,627,627,False,204.385085462,204.385085462,204.385085462,0,204.385085462,204.385085462,,0,0,0,0,False,False,627,0,627,0,0,627,False,0,209.840343527,209.840343527,0,209.840343527,0,zero_confirmation_weight,0,209.840343527,209.840343527,1,True,True,225,402,627,225,225,0,False,87.284728848,87.284728848,243.233444392,87.284728848,87.284728848,87.284728848,,0,0,0,0,False,False,620,0,620,617,617,0,False,223.540540718,224.627447723,224.627447723,223.540540718,223.540540718,223.540540718,,0,1.086907005,1.086907005,0.0048387096769239108326063665230794213843937706289441,False,False,620,0,620,620,620,0,False,250.650942684,250.650942684,250.650942684,250.650942684,250.650942684,250.650942684,,0,0,0,0,False,False,620,0,620,614,614,0,False,260.811638012,263.36028594,263.36028594,260.811638012,260.811638012,260.811638012,,0,2.548647928,2.548647928,0.0096774193531238994826556118220472190302938581324962,False,False,589,0,589,618,587,0,False,204.264065076,204.960024412,204.960024412,204.960024412,204.960024412,204.264065076,,0,0.695959336,0.695959336,0.0033955857392025806722609320294990597963941854528940,False,False,589,0,589,606,575,0,False,160.176846281,164.076804278,164.076804278,164.076804278,164.076804278,160.176846281,,0,3.899957997,3.899957997,0.023769100173307801338088175023274388886376162529272,False,False,589,0,589,609,578,0,False,139.566082633,142.222184552,142.222184552,142.222184552,142.222184552,139.566082633,,0,2.656101919,2.656101919,0.018675721564583776159349061606586761409627261116211,False,False
gonka1d7p03cu2y2yt3vytq9wlfm6tlz0lfhlgv9h82p,226.974833331,226.974833331,1,1,616,0,616,592,592,0,False,184.575947657,192.058756346,192.058756346,184.575947657,184.575947657,184.575947657,,0,7.482808689,7.482808689,0.038961038962053261029815124303335417787700059066590,False,False,627,0,627,0,627,627,False,198.187910441,198.187910441,198.187910441,0,198.187910441,198.187910441,,0,0,0,0,False,False,627,0,627,0,627,627,False,204.385085462,204.385085462,204.385085462,0,204.385085462,204.385085462,,0,0,0,0,False,False,627,0,627,0,0,627,False,0,209.840343527,209.840343527,0,209.840343527,0,zero_confirmation_weight,0,209.840343527,209.840343527,1,True,True,225,402,627,225,225,0,False,87.284728848,87.284728848,243.233444392,87.284728848,87.284728848,87.284728848,,0,0,0,0,False,False,620,0,620,620,620,0,False,224.627447723,224.627447723,224.627447723,224.627447723,224.627447723,224.627447723,,0,0,0,0,False,False,620,0,620,620,620,0,False,250.650942684,250.650942684,250.650942684,250.650942684,250.650942684,250.650942684,,0,0,0,0,False,False,620,0,620,614,614,0,False,260.811638012,263.36028594,263.36028594,260.811638012,260.811638012,260.811638012,,0,2.548647928,2.548647928,0.0096774193531238994826556118220472190302938581324962,False,False,589,0,589,618,587,0,False,204.264065076,204.960024412,204.960024412,204.960024412,204.960024412,204.264065076,,0,0.695959336,0.695959336,0.0033955857392025806722609320294990597963941854528940,False,False,599,0,599,606,576,0,False,160.45541471,166.862488561,166.862488561,166.862488561,166.862488561,160.45541471,,0,6.407073851,6.407073851,0.038397328879928354528431777365981579381007035968774,False,False,588,0,588,618,588,0,False,141.980720741,141.980720741,141.980720741,141.980720741,141.980720741,141.980720741,,0,0,0,0,False,False
gonka1l0qv64xdu3dk2zzm5vk97j0drcmkus95u50gqk,192.771990225,192.771990225,1,1,,,,,,,,,,,,,,,,,,,,,,,,,,,,,,,,,,,,,,,,,31,0,31,31,31,0,False,10.105163715,10.105163715,10.105163715,10.105163715,10.105163715,10.105163715,,0,0,0,0,False,False,576,0,576,0,0,576,False,0,192.771990225,192.771990225,0,192.771990225,0,zero_confirmation_weight,0,192.771990225,192.771990225,1,True,True,,,,,,,,,,,,,,,,,,,,,,,,,,,,,,,,,,,,,,,,,,,,,,,,,,,,,,,,,,,,,,,,,,,,,,,,,,,,,,,,,,,,,,,,,,,,,,,,,,,,,,,,,,,,,,,,,,,,,,,,,,,,,,,,,,,,,,,,,,,,
gonka19dh0tamdjnhtccfdpmsnty3gxfpp0wkdusl0xr,165.353077147,165.353077147,0,0,5235,0,5235,2647,5218,2571,False,1626.887322424,1632.187645246,1632.187645246,825.291441636,1626.887322424,1626.887322424,,0,5.300322822,5.300322822,0.0032473734484132467083405359986953143149916152431800,False,False,5223,0,5223,5223,5223,0,False,1650.933742002,1650.933742002,1650.933742002,1650.933742002,1650.933742002,1650.933742002,,0,0,0,0,False,False,5467,0,5467,4976,4976,0,False,1622.041762776,1782.094517101,1782.094517101,1622.041762776,1622.041762776,1622.041762776,,0,160.052754325,160.052754325,0.089811596853663979214060921831218364550440365436804,False,False,,,,,,,,,,,,,,,,,,,,,,,,,,,,,,,,,,,,,,,,,,,,,,,,,,,,,,,,,,,,,,,,,,,,,,,,,,,,,,,,,,,,,,,,,,,,,,,,,,,,,,,,,,,,,,,,,,,,,,,,,,,,,,,,,,,,,,,,,,,,,,,,,,,,,,,,,,,,,,,,
gonka1gyk0aahvr3qeju4zx0nplfreej6cy4jjk8svc5,152.659323004,152.659323004,1,1,417,0,417,395,395,0,False,123.154559669,130.013800968,130.013800968,123.154559669,123.154559669,123.154559669,,0,6.859241299,6.859241299,0.052757793772126156058679008960577410445360928523669,False,False,425,0,425,0,425,425,False,134.337897827,134.337897827,134.337897827,0,134.337897827,134.337897827,,0,0,0,0,False,False,425,0,425,0,425,425,False,138.538534803,138.538534803,138.538534803,0,138.538534803,138.538534803,,0,0,0,0,False,False,425,0,425,0,0,425,True,0,142.23627751,142.23627751,0,142.23627751,0,excluded:failed_confirmation_poc,0,142.23627751,142.23627751,1,True,True,,,,,,,,,,,,,,,,,,,,,420,0,420,420,420,0,False,152.166980716,152.166980716,152.166980716,152.166980716,152.166980716,152.166980716,,0,0,0,0,False,False,357,0,357,420,357,0,False,144.3264299,144.3264299,144.3264299,144.3264299,144.3264299,144.3264299,,0,0,0,0,False,False,357,0,357,419,356,0,False,151.219777088,151.644551743,151.644551743,151.644551743,151.644551743,151.219777088,,0,0.424774655,0.424774655,0.0028011204498786606960915799922409085821026627161679,False,False,399,0,399,420,399,0,False,138.843887505,138.843887505,138.843887505,138.843887505,138.843887505,138.843887505,,0,0,0,0,False,False,399,0,399,420,399,0,False,111.148802898,111.148802898,111.148802898,111.148802898,111.148802898,111.148802898,,0,0,0,0,False,False,401,0,401,409,388,0,False,93.687958584,96.826988124,96.826988124,96.826988124,96.826988124,93.687958584,,0,3.13902954,3.13902954,0.032418952616599515370050136167757104199070191869598,False,False
gonka10jjrlvkfkqupgudz0l603sq99y3wkt3urwjm0x,149.599096581,149.599096581,1,1,,,,,,,,,,,,,,,,,,,,,,,,,,,,,,,,,,,,,,,,,25,0,25,25,25,0,False,8.149325576,8.149325576,8.149325576,8.149325576,8.149325576,8.149325576,,0,0,0,0,False,False,447,0,447,0,0,447,True,0,149.599096581,149.599096581,0,149.599096581,0,excluded:failed_confirmation_poc,0,149.599096581,149.599096581,1,True,True,,,,,,,,,,,,,,,,,,,,,,,,,,,,,,,,,,,,,,,,,,,,,,,,,,,,,,,,,,,,,,,,,,,,,,,,,,,,,,,,,,,,,,,,,,,,,,,,,,,,,,,,,,,,,,,,,,,,,,,,,,,,,,,,,,,,,,,,,,,,
gonka10t67f5zxh7canhuznxg7cperec6286jjqh5pey,140.897583133,140.897583133,1,1,421,0,421,0,421,421,False,131.260935749,131.260935749,131.260935749,0,131.260935749,131.260935749,,0,0,0,0,False,False,421,0,421,0,421,421,False,133.073541141,133.073541141,133.073541141,0,133.073541141,133.073541141,,0,0,0,0,False,False,421,0,421,0,421,421,False,137.23464271,137.23464271,137.23464271,0,137.23464271,137.23464271,,0,0,0,0,False,False,421,0,421,0,0,0,True,0,140.897583133,140.897583133,0,0,0,excluded:failed_confirmation_poc,0,140.897583133,140.897583133,1,True,True,0,0,0,0,0,0,False,0,0,0,0,0,0,zero_weight,0,0,0,0,False,False,,,,,,,,,,,,,,,,,,,,,,,,,,,,,,,,,,,,,,,,,,,,,,,,,,,,,,,,,,,,,,,,,,,,,,,,,,,,,,,,,,,,,,,,,,,,,,,,,,,,,,,,,,,,,,,,,,,,,,,,
gonka107et3r7gxsrkce7wq42jjf5k98r5xvsfy6xsn5,140.659681254,140.659681254,1,1,,,,,,,,,,,,,,,,,,,,,445,0,445,0,0,0,True,0,140.659681254,140.659681254,0,0,0,excluded:failed_confirmation_poc,0,140.659681254,140.659681254,1,True,True,,,,,,,,,,,,,,,,,,,,,,,,,,,,,,,,,,,,,,,,,,,,,,,,,,,,,,,,,,,,,,,,,,,,,,,,,,,,,,,,,,,,,,,,,,,,,,,,,,,,,,,,,,,,,,,,,,,,,,,,,,,,,,,,,,,,,,,,,,,,,,,,,,,,,,,,,,,,,,,,,,,,,,,,,,,,,,,,,,,,
gonka19kue8dlczfr0vl94tta3l9k5s08hwuu0zd5ewv,136.873042266,136.873042266,1,1,439,0,439,0,0,2196,False,0,136.873042266,136.873042266,0,136.873042266,0,zero_confirmation_weight,0,136.873042266,136.873042266,1,True,True,,,,,,,,,,,,,,,,,,,,,,,,,,,,,,,,,,,,,,,,,,,,,,,,,,,,,,,,,,,,,,,,,,,,,,,,,,,,,,,,,,,,,,,,,,,,,,,,,,,,,,,,,,,,,,,,,,,,,,,,,,,,,,,,,,,,,,,,,,,,,,,,,,,,,,,,,,,,,,,,,,,,,,,,,,,,,,,,,,,,,,,,,,,,,,,,,,,,,,,,
gonka1w29nvdy6caqtrw30whz9h6ghl0xszwh3egndah,104.353034198,104.353034198,1,1,238,0,238,226,226,0,False,70.463115152,74.204519497,74.204519497,70.463115152,70.463115152,70.463115152,,0,3.741404345,3.741404345,0.050420168075493845145462892397495932538077923914247,False,False,243,0,243,225,225,0,False,71.120063555,76.809668639,76.809668639,71.120063555,71.120063555,71.120063555,,0,5.689605084,5.689605084,0.074074074069252150259884940316803909861481260386563,False,False,243,0,243,0,0,0,True,0,79.211444605,79.211444605,0,0,0,excluded:failed_confirmation_poc,0,79.211444605,79.211444605,1,True,True,,,,,,,,,,,,,,,,,,,,,242,0,242,235,235,0,False,91.164050131,93.879575028,93.879575028,91.164050131,91.164050131,91.164050131,,0,2.715524897,2.715524897,0.028925619829340755374941342134342240260870559679202,False,False,247,0,247,235,235,0,False,85.141048733,89.488676754,89.488676754,85.141048733,85.141048733,85.141048733,,0,4.347628021,4.347628021,0.048582995957705543077763498471765546651833108185865,False,False,210,0,210,247,210,0,False,84.897899941,84.897899941,84.897899941,84.897899941,84.897899941,84.897899941,,0,0,0,0,False,False,247,0,247,235,235,0,False,99.822043864,104.919339721,104.919339721,99.822043864,99.822043864,99.822043864,,0,5.097295857,5.097295857,0.048582995952458868600736759682300288501259924927583,False,False,235,0,235,240,228,0,False,79.339364288,81.775221964,81.775221964,81.775221964,81.775221964,79.339364288,,0,2.435857676,2.435857676,0.029787234048381310731773093643742494164977378966201,False,False,235,0,235,243,231,0,False,64.349306941,65.463580654,65.463580654,65.463580654,65.463580654,64.349306941,,0,1.114273713,1.114273713,0.017021276591779507154607223144332712381547206896844,False,False,226,0,226,237,226,0,False,54.570821237,54.570821237,54.570821237,54.570821237,54.570821237,54.570821237,,0,0,0,0,False,False
gonka1yewc6rmr5zhcpy6dnpt4wup990j299qt03x40s,76.209418053,76.209418053,0,0,2743,0,2743,2677,2677,0,False,834.644952497,855.222676391,855.222676391,834.644952497,834.644952497,834.644952497,,0,20.577723894,20.577723894,0.024061246809821554003509341448551403346578711731315,False,False,2784,0,2784,2608,2608,0,False,824.360558901,879.99225306,879.99225306,824.360558901,824.360558901,824.360558901,,0,55.631694159,55.631694159,0.063218390804636886447364880169187247594836229932481,False,False,,,,,,,,,,,,,,,,,,,,,,,,,,,,,,,,,,,,,,,,,,,,,,,,,,,,,,,,,,,,,,,,,,,,,,,,,,,,,,,,,,,,,,,,,,,,,,,,,,,,,,,,,,,,,,,,,,,,,,,,,,,,,,,,,,,,,,,,,,,,,,,,,,,,,,,,,,,,,,,,,,,,,,,,,,,,,,,,,,,,
gonka1jrgm47v5eg876udmzg6j6glqcsd5x0vk6crpax,63.716198212,63.716198212,0,0,,,,,,,,,,,,,,,,,,,,,,,,,,,,,,,,,,,,,,,,,,,,,,,,,,,,,,,,,,,,,,,,,,,,,,,,,,,,,,,,,,,,,,,,,,,,,,,,,,,,,,,,,,,,,,,,,,,,,,,,,,,,,,,,,,,,,,,,,,,,,6893,0,6893,7933,6743,0,False,2864.255496932,2927.971695144,2927.971695144,2927.971695144,2927.971695144,2864.255496932,,0,63.716198212,63.716198212,0.021761207021800252132854297859894093377899013656135,False,False,7538,0,7538,7934,7538,0,False,2623.070736877,2623.070736877,2623.070736877,2623.070736877,2623.070736877,2623.070736877,,0,0,0,0,False,False,,,,,,,,,,,,,,,,,,,,,,,,,,,,,,,,,,,,,,,,
gonka175dvjafzhfxwgvrj83cm9ekmgh2a4u7nqv4azu,46.895982824,46.895982824,0,0,,,,,,,,,,,,,,,,,,,,,,,,,,,,,,,,,,,,,,,,,,,,,,,,,,,,,,,,,,,,,,,,,,,,,,,,,,,,,,,,,,,,,,,,,,,,,,,,,,,,,,,,,,,,,,,,,,,,,,,,,10322,0,10322,60040,10206,0,False,4126.037937157,4172.933919981,4172.933919981,4172.933919981,4172.933919981,4126.037937157,,0,46.895982824,46.895982824,0.011238132144736556123263508224051150720416145929214,False,False,,,,,,,,,,,,,,,,,,,,,,,,,,,,,,,,,,,,,,,,,,,,,,,,,,,,,,,,,,,,,,,,,,,,,,,,,,,,,,,,
gonka1xfg6ed596n8ka7tjp7j604prf5n4mgv3h9d02t,32.425504318,32.425504318,0,0,1342,0,1342,1238,1238,0,False,385.988214864,418.413719182,418.413719182,385.988214864,385.988214864,385.988214864,,0,32.425504318,32.425504318,0.077496274217279376760720299014738820213773953050266,False,False,,,,,,,,,,,,,,,,,,,,,,,,,,,,,,,,,,,,,,,,,,,,,,,,,,,,,,,,,,,,,,,,,,,,,,,,,,,,,,,,,,,,,,,,,,,,,,,,,,,,,,,,,,,,,,,,,,,,,,,,,,,,,,,,,,,,,,,,,,,,,,,,,,,,,,,,,,,,,,,,,,,,,,,,,,,,,,,,,,,,,,,,,,,,,,,,,,,,,,,,
gonka1975m3w08ywrc89aqcr9m8z6z70a38jf64vwte8,13.591834369,13.591834369,0,0,,,,,,,,,,,,,,,,,,,,,2403,0,2403,2360,2360,0,False,745.970444404,759.562278773,759.562278773,745.970444404,745.970444404,745.970444404,,0,13.591834369,13.591834369,0.017894298793979480682232960274304092952813720624861,False,False,,,,,,,,,,,,,,,,,,,,,,,,,,,,,,,,,,,,,,,,,,,,,,,,,,,,,,,,,,,,,,,,,,,,,,,,,,,,,,,,,,,,,,,,,,,,,,,,,,,,,,,,,,,,,,,,,,,,,,,,,,,,,,,,,,,,,,,,,,,,,,,,,,,,,,,,,,,,,,,,,,,,,,,,,,,,,,,,,,,,
gonka1amlmhjym02shahjv8ldmupg4cx0qc66q6f85rj,12.242837625,12.242837625,0,0,911,0,911,0,911,911,False,284.034946479,284.034946479,284.034946479,0,284.034946479,284.034946479,,0,0,0,0,False,False,911,0,911,0,911,911,False,287.957235107,287.957235107,287.957235107,0,287.957235107,287.957235107,,0,0,0,0,False,False,911,0,911,907,907,0,False,295.65753192,296.961424013,296.961424013,295.65753192,295.65753192,295.65753192,,0,1.303892093,1.303892093,0.0043907793658172917040038682190854180210015748231561,False,False,894,0,894,894,894,0,False,299.198193162,299.198193162,299.198193162,299.198193162,299.198193162,299.198193162,,0,0,0,0,False,False,915,0,915,915,915,0,False,354.957897318,354.957897318,354.957897318,354.957897318,354.957897318,354.957897318,,0,0,0,0,False,False,915,0,915,915,915,0,False,331.506636559,331.506636559,331.506636559,331.506636559,331.506636559,331.506636559,,0,0,0,0,False,False,778,0,778,915,778,0,False,314.526505497,314.526505497,314.526505497,314.526505497,314.526505497,314.526505497,,0,0,0,0,False,False,760,0,760,893,760,0,False,322.828737604,322.828737604,322.828737604,322.828737604,322.828737604,322.828737604,,0,0,0,0,False,False,760,0,760,893,760,0,False,264.464547628,264.464547628,264.464547628,264.464547628,264.464547628,264.464547628,,0,0,0,0,False,False,778,0,778,883,750,0,False,208.926321237,216.726237229,216.726237229,216.726237229,216.726237229,208.926321237,,0,7.799915992,7.799915992,0.035989717219878434730760532914415147449816753077256,False,False,778,0,778,900,765,0,False,184.71981525,187.85884479,187.85884479,187.85884479,187.85884479,184.71981525,,0,3.13902954,3.13902954,0.016709511567097079879791589130425206848201869005010,False,False
gonka1qu9mna5xlvlnw9455ygtjq92wuzkzm237w8l08,11.536992537,5.544214709,0,0,391,0,391,1947,391,0,False,120.972073802,121.907424888,121.907424888,121.907424888,121.907424888,121.907424888,,0.935351086,0.935351086,0,0,False,False,398,0,398,1917,398,0,False,120.746063458,125.8034902,125.8034902,125.8034902,125.8034902,125.8034902,,5.057426742,5.057426742,0,0,False,False,411,0,411,0,411,2055,False,133.97491248,133.97491248,133.97491248,0,133.97491248,133.97491248,,0,0,0,0,False,False,411,0,411,738,411,0,False,137.550847192,137.550847192,137.550847192,137.550847192,137.550847192,137.550847192,,0,0,0,0,False,False,399,0,399,1999,399,0,False,154.784919158,154.784919158,154.784919158,154.784919158,154.784919158,154.784919158,,0,0,0,0,False,False,399,0,399,1999,399,0,False,144.55863168,144.55863168,144.55863168,144.55863168,144.55863168,144.55863168,,0,0,0,0,False,False,340,0,340,1989,338,0,False,136.645191334,137.453742762,137.453742762,137.453742762,137.453742762,136.645191334,,0,0.808551428,0.808551428,0.0058823529410908802969420011405014723494241289534250,False,False,340,0,340,1999,340,0,False,144.423382612,144.423382612,144.423382612,144.423382612,144.423382612,144.423382612,,0,0,0,0,False,False,340,0,340,1999,340,0,False,118.313087097,118.313087097,118.313087097,118.313087097,118.313087097,118.313087097,,0,0,0,0,False,False,340,0,340,1903,323,0,False,89.977602346,94.713265627,94.713265627,94.713265627,94.713265627,89.977602346,,0,4.735663281,4.735663281,0.049999999996304635916806302476875317802624328680408,False,False,1094,0,1094,2003,1094,0,False,264.161408998,264.161408998,264.161408998,264.161408998,264.161408998,264.161408998,,0,0,0,0,False,False
gonka1qsuduuah26qpym3te4tr6u8lh3hmecaxn9j7te,9.665294556,9.665294556,1,1,31,0,31,0,0,0,True,0,9.665294556,9.665294556,0,0,0,excluded:failed_confirmation_poc,0,9.665294556,9.665294556,1,True,True,,,,,,,,,,,,,,,,,,,,,,,,,,,,,,,,,,,,,,,,,,,,,,,,,,,,,,,,,,,,,,,,,,,,,,,,,,,,,,,,,,,,,,,,,,,,,,,,,,,,,,,,,,,,,,,,,,,,,,,,,,,,,,,,,,,,,,,,,,,,,,,,,,,,,,,,,,,,,,,,,,,,,,,,,,,,,,,,,,,,,,,,,,,,,,,,,,,,,,,,
gonka1qnj39ysxpzknvrr5dw9rdl7cx5q7dpkwerryrs,1.077169096,1.077169096,0,0,,,,,,,,,,,,,,,,,,,,,,,,,,,,,,,,,,,,,,,,,,,,,,,,,,,,,,,,,,,,,,,,,,,,,,,,,,,,,,,,,,,,,,,,,,,,,,,,,,,,,,,,,,,,,,,,,,,,,,,,,,,,,,,,,,,,,,,,,,,,,,,,,,,,,,,,,,,,,,,,,,,,,,,,,,,,,,,,,,,,,174,0,174,1015,171,0,False,47.635201242,48.470906527,48.470906527,48.470906527,48.470906527,47.635201242,,0,0.835705285,0.835705285,0.017241379311411944783658574465514039631817509539272,False,False,175,0,175,1030,174,0,False,42.014703076,42.256166887,42.256166887,42.256166887,42.256166887,42.014703076,,0,0.241463811,0.241463811,0.0057142857194244401366305120726933861325934421118475,False,False
gonka1wzujgkw64xvz3vqttg7ktl5tlsdga7l53g6d55,0,0,0,0,,,,,,,,,,,,,,,,,,,,,31,0,31,31,31,0,False,9.798764312,9.798764312,9.798764312,9.798764312,9.798764312,9.798764312,,0,0,0,0,False,False,,,,,,,,,,,,,,,,,,,,,,,,,,,,,,,,,,,,,,,,,,,,,,,,,,,,,,,,,,,,,,,,,,,,,,,,,,,,,,,,,,,,,,,,,,,,,,,,,,,,,,,,,,,,,,,,,,,,,,,,,,,,,,,,,,,,,,,,,,,,,,,,,,,,,,,,,,,,,,,,,,,,,,,,,,,,,,,,,,,,
gonka1qv2dwvqxt542k5ewhggm2wtcpadvzg6mzupzg8,0,0,0,0,31,0,31,31,31,0,False,9.665294556,9.665294556,9.665294556,9.665294556,9.665294556,9.665294556,,0,0,0,0,False,False,,,,,,,,,,,,,,,,,,,,,,,,,,,,,,,,,,,,,,,,,,,,,,,,,,,,,,,,,,,,,,,,,,,,,,,,,,,,,,,,,,,,,,,,,,,,,,,,,,,,,,,,,,,,,,,,,,,,,,,,,,,,,,,,,,,,,,,,,,,,,,,,,,,,,,,,,,,,,,,,,,,,,,,,,,,,,,,,,,,,,,,,,,,,,,,,,,,,,,,,
gonka1pcu4wfdv2jtpfsnhgjk4zp7d46z47928xj73st,0,0,0,0,31,0,31,31,31,0,False,9.665294556,9.665294556,9.665294556,9.665294556,9.665294556,9.665294556,,0,0,0,0,False,False,,,,,,,,,,,,,,,,,,,,,,,,,,,,,,,,,,,,,,,,,,,,,,,,,,,,,,,,,,,,,,,,,,,,,,,,,,,,,,,,,,,,,,,,,,,,,,,,,,,,,,,,,,,,,,,,,,,,,,,,,,,,,,,,,,,,,,,,,,,,,,,,,,,,,,,,,,,,,,,,,,,,,,,,,,,,,,,,,,,,,,,,,,,,,,,,,,,,,,,,
gonka1mmlyd5xxu5l68yx8wzclrkxkxvm88mhq5tp5s0,0,0,0,0,,,,,,,,,,,,,,,,,,,,,,,,,,,,,,,,,,,,,,,,,,,,,,,,,,,,,,,,,,,,,,,,,,,,,,,,,,,,,,,,,,,,,,,,,,,,,,,,,,,,,,,,,,,,,,,,,,,,,,,,,,,,,,,,,,,,,,,,,,,,,1697,0,1697,1996,1697,0,False,720.842589099,720.842589099,720.842589099,720.842589099,720.842589099,720.842589099,,0,0,0,0,False,False,,,,,,,,,,,,,,,,,,,,,,,,,,,,,,,,,,,,,,,,,,,,,,,,,,,,,,,,,,,,
gonka1lyc347ysjruw7hvvejekqwu0y62cq0898dzarl,0,0,0,0,31,0,31,31,31,0,False,9.665294556,9.665294556,9.665294556,9.665294556,9.665294556,9.665294556,,0,0,0,0,False,False,,,,,,,,,,,,,,,,,,,,,,,,,,,,,,,,,,,,,,,,,,,,,,,,,,,,,,,,,,,,,,,,,,,,,,,,,,,,,,,,,,,,,,,,,,,,,,,,,,,,,,,,,,,,,,,,,,,,,,,,,,,,,,,,,,,,,,,,,,,,,,,,,,,,,,,,,,,,,,,,,,,,,,,,,,,,,,,,,,,,,,,,,,,,,,,,,,,,,,,,
gonka1lwl6qhrdqw43sqc2y4eclfrngf799rnm7mmx87,0,0,0,0,,,,,,,,,,,,,,,,,,,,,31,0,31,31,31,0,False,9.798764312,9.798764312,9.798764312,9.798764312,9.798764312,9.798764312,,0,0,0,0,False,False,,,,,,,,,,,,,,,,,,,,,,,,,,,,,,,,,,,,,,,,,,,,,,,,,,,,,,,,,,,,,,,,,,,,,,,,,,,,,,,,,,,,,,,,,,,,,,,,,,,,,,,,,,,,,,,,,,,,,,,,,,,,,,,,,,,,,,,,,,,,,,,,,,,,,,,,,,,,,,,,,,,,,,,,,,,,,,,,,,,,
gonka1l6pp6p5hgaa69rj0eazn73f7gkawue94fq5v9g,0,0,0,0,,,,,,,,,,,,,,,,,,,,,,,,,,,,,,,,,,,,,,,,,31,0,31,31,31,0,False,10.105163715,10.105163715,10.105163715,10.105163715,10.105163715,10.105163715,,0,0,0,0,False,False,,,,,,,,,,,,,,,,,,,,,,,,,,,,,,,,,,,,,,,,,,,,,,,,,,,,,,,,,,,,,,,,,,,,,,,,,,,,,,,,,,,,,,,,,,,,,,,,,,,,,,,,,,,,,,,,,,,,,,,,,,,,,,,,,,,,,,,,,,,,,,,,,,,,,,,,,,,,,,,,
gonka1l0enytn32rklk95dxrdt3v39hktxdw79trvgj5,0,0,0,0,,,,,,,,,,,,,,,,,,,,,,,,,,,,,,,,,,,,,,,,,31,0,31,31,31,0,False,10.105163715,10.105163715,10.105163715,10.105163715,10.105163715,10.105163715,,0,0,0,0,False,False,,,,,,,,,,,,,,,,,,,,,,,,,,,,,,,,,,,,,,,,,,,,,,,,,,,,,,,,,,,,,,,,,,,,,,,,,,,,,,,,,,,,,,,,,,,,,,,,,,,,,,,,,,,,,,,,,,,,,,,,,,,,,,,,,,,,,,,,,,,,,,,,,,,,,,,,,,,,,,,,
gonka1kdmstpljv33v8lz457lmj8f9g995l7ygwm460s,0,0,0,0,,,,,,,,,,,,,,,,,,,,,,,,,,,,,,,,,,,,,,,,,31,0,31,31,31,0,False,10.105163715,10.105163715,10.105163715,10.105163715,10.105163715,10.105163715,,0,0,0,0,False,False,,,,,,,,,,,,,,,,,,,,,,,,,,,,,,,,,,,,,,,,,,,,,,,,,,,,,,,,,,,,,,,,,,,,,,,,,,,,,,,,,,,,,,,,,,,,,,,,,,,,,,,,,,,,,,,,,,,,,,,,,,,,,,,,,,,,,,,,,,,,,,,,,,,,,,,,,,,,,,,,
gonka1jcelp2ad2x0jf2vnyhkhd6wquug0zpd09sxxw4,0,0,0,0,,,,,,,,,,,,,,,,,,,,,,,,,,,,,,,,,,,,,,,,,31,0,31,31,31,0,False,10.105163715,10.105163715,10.105163715,10.105163715,10.105163715,10.105163715,,0,0,0,0,False,False,,,,,,,,,,,,,,,,,,,,,,,,,,,,,,,,,,,,,,,,,,,,,,,,,,,,,,,,,,,,,,,,,,,,,,,,,,,,,,,,,,,,,,,,,,,,,,,,,,,,,,,,,,,,,,,,,,,,,,,,,,,,,,,,,,,,,,,,,,,,,,,,,,,,,,,,,,,,,,,,
gonka1gt0406jz45mjt0jujqtfd3m9lcyah93t0wj084,0,0,0,0,1772,0,1772,0,1772,1772,False,552.48070819,552.48070819,552.48070819,0,552.48070819,552.48070819,,0,0,0,0,False,False,,,,,,,,,,,,,,,,,,,,,,,,,,,,,,,,,,,,,,,,,,,,,,,,,,,,,,,,,,,,,,,,,,,,,,,,,,,,,,,,,,,,,,,,,,,,,,,,,,,,,,,,,,,,,,,,,,,,,,,,,,,,,,,,,,,,,,,,,,,,,,,,,,,,,,,,,,,,,,,,,,,,,,,,,,,,,,,,,,,,,,,,,,,,,,,,,,,,,,,,
gonka1ecercvenlsnghx4yakvdpdq2mantyh5ythhn29,0,0,0,0,,,,,,,,,,,,,,,,,,,,,31,0,31,31,31,0,False,9.798764312,9.798764312,9.798764312,9.798764312,9.798764312,9.798764312,,0,0,0,0,False,False,,,,,,,,,,,,,,,,,,,,,,,,,,,,,,,,,,,,,,,,,,,,,,,,,,,,,,,,,,,,,,,,,,,,,,,,,,,,,,,,,,,,,,,,,,,,,,,,,,,,,,,,,,,,,,,,,,,,,,,,,,,,,,,,,,,,,,,,,,,,,,,,,,,,,,,,,,,,,,,,,,,,,,,,,,,,,,,,,,,,
gonka1e94a7r2tn3n8ewa3mha3vjnq2dkvgt5stfqgqg,0,0,0,0,,,,,,,,,,,,,,,,,,,,,31,0,31,31,31,0,False,9.798764312,9.798764312,9.798764312,9.798764312,9.798764312,9.798764312,,0,0,0,0,False,False,,,,,,,,,,,,,,,,,,,,,,,,,,,,,,,,,,,,,,,,,,,,,,,,,,,,,,,,,,,,,,,,,,,,,,,,,,,,,,,,,,,,,,,,,,,,,,,,,,,,,,,,,,,,,,,,,,,,,,,,,,,,,,,,,,,,,,,,,,,,,,,,,,,,,,,,,,,,,,,,,,,,,,,,,,,,,,,,,,,,
gonka1e38cgywjkf4hejnf9utmpguq3qug0s5rd45kqm,0,0,0,0,,,,,,,,,,,,,,,,,,,,,,,,,,,,,,,,,,,,,,,,,31,0,31,31,31,0,False,10.105163715,10.105163715,10.105163715,10.105163715,10.105163715,10.105163715,,0,0,0,0,False,False,,,,,,,,,,,,,,,,,,,,,,,,,,,,,,,,,,,,,,,,,,,,,,,,,,,,,,,,,,,,,,,,,,,,,,,,,,,,,,,,,,,,,,,,,,,,,,,,,,,,,,,,,,,,,,,,,,,,,,,,,,,,,,,,,,,,,,,,,,,,,,,,,,,,,,,,,,,,,,,,
gonka1c6y9p4w87equy52va4us3qzycz9w28ua9693gl,0,0,0,0,2065,0,2065,0,2065,2065,False,643.833330932,643.833330932,643.833330932,0,643.833330932,643.833330932,,0,0,0,0,False,False,2065,0,2065,0,2065,2065,False,652.724138854,652.724138854,652.724138854,0,652.724138854,652.724138854,,0,0,0,0,False,False,,,,,,,,,,,,,,,,,,,,,,,,,,,,,,,,,,,,,,,,,,,,,,,,,,,,,,,,,,,,,,,,,,,,,,,,,,,,,,,,,,,,,,,,,,,,,,,,,,,,,,,,,,,,,,,,,,,,,,,,,,,,,,,,,,,,,,,,,,,,,,,,,,,,,,,,,,,,,,,,,,,,,,,,,,,,,,,,,,,,
gonka18tm9tu9rak460pjdpj6xvfeffk474h6xhgme3c,0,0,0,0,31,0,31,31,31,0,False,9.665294556,9.665294556,9.665294556,9.665294556,9.665294556,9.665294556,,0,0,0,0,False,False,,,,,,,,,,,,,,,,,,,,,,,,,,,,,,,,,,,,,,,,,,,,,,,,,,,,,,,,,,,,,,,,,,,,,,,,,,,,,,,,,,,,,,,,,,,,,,,,,,,,,,,,,,,,,,,,,,,,,,,,,,,,,,,,,,,,,,,,,,,,,,,,,,,,,,,,,,,,,,,,,,,,,,,,,,,,,,,,,,,,,,,,,,,,,,,,,,,,,,,,
gonka12vq65qqgep5x2zvjxqzqtnsw2hpyz92czen8z5,0,0,0,0,,,,,,,,,,,,,,,,,,,,,31,0,31,31,31,0,False,9.798764312,9.798764312,9.798764312,9.798764312,9.798764312,9.798764312,,0,0,0,0,False,False,,,,,,,,,,,,,,,,,,,,,,,,,,,,,,,,,,,,,,,,,,,,,,,,,,,,,,,,,,,,,,,,,,,,,,,,,,,,,,,,,,,,,,,,,,,,,,,,,,,,,,,,,,,,,,,,,,,,,,,,,,,,,,,,,,,,,,,,,,,,,,,,,,,,,,,,,,,,,,,,,,,,,,,,,,,,,,,,,,,,
gonka123vh2t9er866647lsn6kclt8lfq2l9kwy4le76,0,0,0,0,,,,,,,,,,,,,,,,,,,,,25,0,25,25,25,0,False,7.902229283,7.902229283,7.902229283,7.902229283,7.902229283,7.902229283,,0,0,0,0,False,False,,,,,,,,,,,,,,,,,,,,,,,,,,,,,,,,,,,,,,,,,,,,,,,,,,,,,,,,,,,,,,,,,,,,,,,,,,,,,,,,,,,,,,,,,,,,,,,,,,,,,,,,,,,,,,,,,,,,,,,,,,,,,,,,,,,,,,,,,,,,,,,,,,,,,,,,,,,,,,,,,,,,,,,,,,,,,,,,,,,,
